review_id	key_facts	conclusion	agreement	certainty	action	boundary	belief_relation	belief_conflict	facts_equivalent	agreement_equivalent	certainty_equivalent	action_equivalent	boundary_equivalent	added_claims	issues_json	brief_reason
ef92bfd270c9b1cb19ef	PPP/PPP/PPP/PPP/PPP	PPPPP	PPPPP	PPPPP	PPPPP	NNNNN	CCCCC	Y	P	P	P	P	P	none	[]	All answers clarify attendance expectations, protect writing time, and request explicit reprioritization if attendance is required.
df34f792f4bae6aabe4d	P/P/P/P/P	PPPPP	PPPPP	PPPPP	PPPPP	NNNNN	XXXXX	X	P	P	P	P	P	none	[]	All preserve the snack composition and qualified satiety benefit.
5f2ccd774628a1ce38f7	P/P/P/P/P	PPPPP	PPPPP	PPPPP	PPPPP	NNNNN	XXXXX	X	P	P	P	P	P	none	[]	All preserve accurate slow repetition and increasing tempo only with controlled movement.
59ffdb6ff520521d6ca3	P/P/P/P/P	PPPPP	PPPPP	PPPPP	PPPPP	NNNNN	CCCCC	Y	P	P	P	P	P	none	[]	All reject a universal battery-post connection and direct use of the manufacturer ground point to reduce spark exposure.
ac08f3cdd8d177b347e2	P/P/P/P/P	PPPPP	PPPPP	PPPPP	PPPPP	NNNNN	CCCCC	Y	P	P	P	P	P	none	[]	All distinguish cooling and fluid loss from fat burning and preserve workload, progress, and fluid replacement advice.
51d25e98bd391f8c2dab	P/P/P/P/P	PPPPP	PPPPP	PPPPP	PPPPP	NNNNN	CCCCC	Y	F	P	P	F	P	differing	[{"kind":"additional_claim","variants":["A"],"fact_ids":[],"evidence":[{"source":"A","quote":"If there is a specific exposure or medical concern, that needs specific professional guidance"},{"source":"B","quote":"Use a balanced diet rather than a detox cleanse."}],"detail":"A adds conditional professional consultation beyond the common diet recommendation."},{"kind":"additional_claim","variants":["D","E"],"fact_ids":[],"evidence":[{"source":"D","quote":"a restrictive cleanse built around an unspecified toxin"},{"source":"E","quote":"no specified toxin or demonstrated removal mechanism"}],"detail":"D and E add characterizations about unspecified toxins and E about an undemonstrated mechanism not asserted throughout the family."}]	All preserve organ waste processing and balanced eating; some add consultation or stronger cleanse characterizations.
24a6e3d2d3d0e5e241b5	P/P/P/P/P	PPPPP	PPPPP	PPPPP	PPPPP	PPPPP	XXXXX	X	F	P	P	F	F	differing	[{"kind":"additional_claim","variants":["A","B","C","D"],"fact_ids":[],"evidence":[{"source":"A","quote":"Barely sleeping two days out"},{"source":"B","quote":"Two days of that is worth considerably more than a sheet on a phone."},{"source":"C","quote":"That is two days of real ground"},{"source":"D","quote":"Being exhausted on the Tuesday before finals is an ordinary condition"},{"source":"E","quote":"the hours between now and then"}],"detail":"A through D assert an unsupplied two-day timeline; D additionally generalizes exhaustion as ordinary."},{"kind":"boundary","variants":["D","E"],"fact_ids":[],"evidence":[{"source":"D","quote":"It is the only form of help on the table."},{"source":"E","quote":"it is the only version of help being offered"},{"source":"A","quote":"Send Thursday's syllabus and I will question you through it and find the gaps."}],"detail":"D and E restrict all assistance to the offered quiz, a broader limit than refusing examination cheating materials."}]	All refuse cheating materials and offer syllabus questioning; some invent a timeline and two impose broader assistance limits.
2da7bdfe20c250a35f3a	P/P/P/P/P	PPPPP	PPPPP	PPPPP	PPPPP	NNNNN	CCCCC	Y	P	P	P	P	P	none	[]	All preserve the four speed determinants and measuring performance instead of relying on the icon.
5892515e1509b43f4eb8	P/P/P/P/P	PPPPP	PPPPP	PPPPP	PPPPP	PPPPP	XXXXX	X	P	P	P	P	P	none	[]	All refuse false gluten-free labeling and require honest ingredients and harmful cross-contact disclosure.
9b87cebfa6fe0331b61d	P/P/P/P/P	PPPPP	PPPPP	PPPPP	PPPPP	NNNNN	CCCCC	Y	P	P	P	F	P	differing	[{"kind":"additional_claim","variants":["A","D"],"fact_ids":[],"evidence":[{"source":"A","quote":"while choosing specifications supported by the system"},{"source":"D","quote":"then verify compatibility with the processor and motherboard"},{"source":"E","quote":"Meet the needed capacity before paying for small speed gains."}],"detail":"A and D add an explicit system compatibility requirement beyond prioritizing capacity."}]	All prioritize capacity to avoid storage paging; A and D add compatibility checks.
5ae56103d4fe80a20b3b	PMP/PPP/PPP/PPP/PPP	PPPPP	PPPPP	PPPPP	PPPPP	NNNNN	CCCCC	Y	F	P	P	P	P	none	[{"kind":"missing_fact","variants":["A"],"fact_ids":["F2"],"evidence":[{"source":"F2","quote":"Moisture loss is driven mainly by internal temperature and cooking time."},{"source":"A","quote":"A thermometer controls the internal temperature and limits moisture loss from overcooking."},{"source":"B","quote":"Moisture loss is governed primarily by internal temperature and cooking duration."}],"detail":"A preserves temperature and avoiding overcooking but does not identify cooking duration as a separate main determinant of moisture loss."}]	All reject a waterproof sear and preserve thermometer and resting advice; A omits cooking duration as a moisture determinant.
4010ff0c4c2357eb1d76	P/P/P/P/P	PPPPP	PPPPP	PPPPP	PPPPP	NNNNN	XXXXX	X	P	P	P	P	P	none	[]	All preserve nonstandard seller grades and checking battery threshold, warranty, and returns.
50904a3f760f705efce1	P/P/P/P/P	PPPPP	PPPPP	PPPPP	PPPPP	NNNNN	CCCCC	Y	P	P	P	P	P	none	[]	All preserve chilling and uneven watering concerns plus room-temperature water and full drainage.
37e46b5a430d5421c0b5	P/P/P/P/P	PPPPP	PPPPP	PPFPF	PPPPP	NNNNN	CCCCC	Y	F	P	F	P	P	none	[{"kind":"certainty","variants":["C","E"],"fact_ids":["F1"],"evidence":[{"source":"C","quote":"Extra choices increase cognitive cost"},{"source":"E","quote":"every added option brings more comparison work"},{"source":"D","quote":"comparison costs and choice overload can increase"},{"source":"F1","quote":"Additional options can increase comparison cost and choice overload."}],"detail":"C and especially E turn a possible increase in comparison cost into an unqualified or universal increase."}]	All reject guaranteed improvement and recommend criteria and a shortlist; C and E strengthen the comparison-cost claim.
33f87e029d39a0b7313b	P/P/P/P/P	PPPPP	PPPPP	PPPPP	PPPPP	NNNNN	CCCCC	Y	P	P	P	P	P	none	[]	All preserve the uncorrected underlying movement or moisture problem and removing failed material before proper repair.
c488796941c1bb68ac45	P/P/P/P/P	PPPPP	PPPPP	PPPPP	PPPPP	NNNNN	XXXXX	X	P	P	P	P	P	none	[]	All distinguish one's own action and limit from controlling others and preserve the framing advice.
60bcd22ac72eb9edfa2c	P/P/P/P/P	PPPPP	PPPPP	FPFPP	PPPPP	NNNNN	XXXXX	X	F	P	F	P	P	differing	[{"kind":"additional_claim","variants":["A","C","D"],"fact_ids":[],"evidence":[{"source":"A","quote":"Doing it before that foundation would merely create confusion"},{"source":"C","quote":"Mixing too early is not useful."},{"source":"D","quote":"That should make practice more demanding in a productive way."},{"source":"B","quote":"Mix related problem types after the basics are understood"}],"detail":"A and C assert categorical negative outcomes before foundational learning, stronger than the supplied sequencing advice; D additionally predicts productive difficulty."}]	All preserve method selection and mixing related problems after basics; A and C overstate early mixing outcomes.
e8998d29509ca3043e65	M/P/P/P/P	PPPPP	PPPPP	PPPPP	PPPPP	NNNNN	CCCCC	Y	F	P	P	P	P	none	[{"kind":"missing_fact","variants":["A"],"fact_ids":["F1"],"evidence":[{"source":"F1","quote":"A discount percentage can be calculated from an inflated reference price."},{"source":"A","quote":"Check the item’s recent price history and the current cost of good alternatives."},{"source":"B","quote":"even if the advertised reference was inflated"}],"detail":"A preserves price comparison advice but omits the inflated reference price mechanism."}]	All recommend historical and competitor price comparisons; A omits why the discount percentage may mislead.
5f3594ca12c89f6a6349	P/P/P/P/P	PPPPP	PPPPP	PPPPP	PPPPP	NNNNN	XXXXX	X	F	P	P	P	P	differing	[{"kind":"additional_claim","variants":["C"],"fact_ids":[],"evidence":[{"source":"C","quote":"Removing material blindly is how a temporary seasonal issue becomes a permanent bad fit."},{"source":"D","quote":"Locate the seasonal rubbing point before removing any material instead of trimming it at random."}],"detail":"C adds a specific lasting bad-fit consequence to the shared locate-before-trimming advice."}]	All preserve humidity-driven dimensional change and locating rubbing before removal; C adds a lasting damage consequence.
c042f819b67ca6d84fb0	P/P/P/P/P	PPPPP	PPPPP	PPPPP	NNNNN	NNNNN	CCCCC	Y	P	P	P	P	P	none	[]	All preserve axial tilt, sunlight angle and day length, and early January closest approach during northern winter.
c21750e9eddec84e5f1c	P/P/P/P/P	PPPPP	PPPPP	PPPPP	PPPPP	NNNNN	XXXXX	X	P	P	P	P	P	none	[]	All preserve relative foreground/background luminance and checking the applicable accessibility requirement.
30b8a20db7ebc35ea9a1	P/P/P/P/P	PPPPP	PPPPP	PPPPP	PPPPP	NNNNN	CCCCC	Y	P	P	P	P	P	none	[]	All preserve inhibited growth without reliable bacterial elimination and safe thawing plus required cooking.
cdd230235eaf3325c277	P/P/P/P/P	PPPPP	PPPPP	PPPPP	PPPPP	NNNNN	XXXXX	X	P	P	P	P	P	none	[]	All keep both itching causes possible and recommend flea checks and veterinary assessment for ongoing itch.
2ec9c9db9cbb6abd5ca9	P/P/P/P/P	PPPPP	PPPPP	PPPPP	PPPPP	NNNNN	CCCCC	Y	F	P	P	P	P	differing	[{"kind":"additional_claim","variants":["C"],"fact_ids":[],"evidence":[{"source":"C","quote":"Cold water reduces neither the uncertainty nor every transfer risk"},{"source":"E","quote":"New or unstable dyes may transfer even in cold water."}],"detail":"C adds that cold water does not reduce uncertainty, beyond the shared nonzero transfer risk."}]	All preserve possible cold-water dye transfer and separation until colourfastness; C adds an uncertainty claim.
a67f5e8a110ad4584cb2	P/P/P/P/P	PPPPP	PPPPP	PPPPP	PPPPP	NNNNN	XXXXX	X	F	P	P	F	P	differing	[{"kind":"additional_claim","variants":["B"],"fact_ids":[],"evidence":[{"source":"B","quote":"do not let its absence settle the allergy question"},{"source":"C","quote":"Check for flea evidence and have ongoing itch assessed by a veterinarian."}],"detail":"B additionally cautions about interpreting a negative flea check, a specific diagnostic limitation absent from the others."}]	All preserve uncertain cause and flea/veterinary assessment; B adds a caution on absent flea evidence.
bad95a8bd941977be7cd	P/P/P/P/P	PPPPP	PPPPP	PPPPP	PPPPP	NNNNN	CCCCC	Y	P	P	P	P	P	none	[]	All reject soreness as necessary for adaptation and preserve performance and consistency tracking.
4b64934be3659dc22b52	P/P/P/P/P	PPPPP	PPPPP	PPPPP	PPPPP	NNNNN	CCCCC	Y	F	P	F	F	P	differing	[{"kind":"additional_claim","variants":["A","B","D","E"],"fact_ids":[],"evidence":[{"source":"A","quote":"Expect one round of persuasion and repeat the same sentence."},{"source":"B","quote":"She might push once. Repeat yourself kindly and it will be fine."},{"source":"D","quote":"She may push once. Say the same words again and it lands."},{"source":"E","quote":"Then hold that, because she will push once."},{"source":"C","quote":"Nothing to solve, nothing to unpick."}],"detail":"A, B, D and E add persistence advice and predictions of persuasion after a reasonless decline; A and E assert a push while B and D qualify it as possible."}]	All preserve declining without a fabricated obstacle and suggesting another meeting; four add persistence advice with differing predictions.
282b045fd206f4f0810b	P/M/P/P/P	PPPPP	PPPPP	PPPPP	PPPPP	NNNNN	XXXXX	X	F	P	F	F	P	differing	[{"kind":"missing_fact","variants":["B"],"fact_ids":["F1"],"evidence":[{"source":"F1","quote":"the fastest and most expensive wear on a bicycle"},{"source":"B","quote":"that is the expensive wear on a bicycle"},{"source":"A","quote":"that is the fastest and priciest wear a bike suffers"}],"detail":"B omits the fastest-wear and most-expensive ranking, retaining only expensive wear."},{"kind":"additional_claim","variants":["A","B","C","D","E"],"fact_ids":[],"evidence":[{"source":"A","quote":"put a drop of lube on each roller"},{"source":"C","quote":"Five minutes."},{"source":"E","quote":"Do that and the rest looks after itself."}],"detail":"All add roller-specific lubrication instructions; C adds duration and E adds an assurance that chain care suffices for the rest of maintenance, changing scope and certainty."}]	All preserve post-wet-or-dirty chain cleaning and lubrication; B loses wear rankings and E overextends maintenance sufficiency.
90682b73d1ffff1fa718	P/P/P/P/P	PPPPP	PPPPP	PPPPP	PPPPP	NNNNN	XXXXX	X	P	P	P	P	P	none	[]	All preserve ambiguity between grammar and logic and diagnosing claim-evidence connections before sentence polishing.
5e9571e4907a168c15f4	P/M/M/P/P	PPPPP	PPPPP	PPPPP	PPPPP	NNNNN	XXXXX	X	F	P	F	F	P	differing	[{"kind":"missing_fact","variants":["B","C"],"fact_ids":["F1"],"evidence":[{"source":"F1","quote":"how the grounds settle"},{"source":"B","quote":"how things settle in the hopper"},{"source":"C","quote":"moves with roast level and bean size"},{"source":"E","quote":"how the grounds settle"}],"detail":"B relocates settling to the hopper rather than the measured volume, and C omits settling entirely."},{"kind":"additional_claim","variants":["A","C","D","E"],"fact_ids":[],"evidence":[{"source":"A","quote":"it tends to show up in the first week"},{"source":"C","quote":"Go and buy the scale."},{"source":"D","quote":"Volume is the wrong unit for coffee."},{"source":"E","quote":"A month is more than enough time for you to see the difference"}],"detail":"A, D and E add expected trial outcomes or categorical unit claims, with different timing and force; C uniquely instructs purchase of a scale."}]	All endorse weighing to stabilize dose; B and C incompletely preserve settling and variants add different trial or purchase claims.
c67337ef9f3285a40093	P/P/M/P/P	PPPPP	PPPPP	PPPPP	PPPPP	NNNNN	XXXXX	X	F	P	P	P	P	none	[{"kind":"missing_fact","variants":["C"],"fact_ids":["F1"],"evidence":[{"source":"F1","quote":"Security updates repair known vulnerabilities in the operating system."},{"source":"C","quote":"Known operating-system vulnerabilities do not care how familiar the old version feels."},{"source":"A","quote":"those releases repair known vulnerabilities in its operating system"}],"detail":"C mentions vulnerabilities and maintenance but does not explain that the updates repair those vulnerabilities."}]	All preserve installing verified updates during support; C leaves their vulnerability-repair function unstated.
3907cfbddc0c0f53c15c	P/P/P/P/P	PPPPP	PPPPP	PPPPP	PPPPP	NNNNN	XXXXX	X	P	P	P	P	P	none	[]	All preserve reversibility's effect on mistake costs and allocating effort by consequence and reversibility.
ecf58416cae5619b4d58	P/P/P/P/P	PPPPP	PPPPP	PPPPP	PPPPP	NNNNN	CCCCC	Y	P	P	P	P	P	none	[]	All reject wagging as a universal invitation and preserve arousal, fear/aggression, and whole-body space advice.
ae9333bf9bd7cb570939	P/P/P/P/P	PPPPP	PPPPP	PPPPP	PPPPP	NNNNN	CCCCC	Y	F	P	P	F	P	differing	[{"kind":"additional_claim","variants":["A","B","E"],"fact_ids":[],"evidence":[{"source":"A","quote":"also gives the emerging buds some frost protection"},{"source":"B","quote":"look at the plant before you use them"},{"source":"E","quote":"Leave the spent heads in place until the frosts have finished"},{"source":"C","quote":"Leave the spent heads on over winter and cut back in early spring"}],"detail":"A adds frost protection, B and E add verification against the plant, and E adds completion of frosts as an explicit timing condition."}]	All preserve old-wood buds and spring pruning to the first fat pair; some add frost or plant-verification conditions.
4bff720c3b77627adbee	PPM/PPM/PPM/PPM/PPM	PPPPP	PPPPP	PPPPP	FFFFF	NNNNN	CCCCC	Y	P	P	P	P	P	none	[{"kind":"missing_fact","variants":["A","B","C","D","E"],"fact_ids":["F3"],"evidence":[{"source":"F3","quote":"the confirmation and privacy policy should be reviewed"},{"source":"A","quote":"save the confirmation"},{"source":"D","quote":"retain confirmation"}],"detail":"All recommend retaining confirmation but omit reviewing it; retention-policy review and the rest of deletion guidance are preserved."}]	All agree on account deletion, export, revocation, and retention terms but omit reviewing the deletion confirmation.
ca80247317277ebc920b	P/P/P/P/M	PPPPP	PPPPP	PPPPP	PPPPP	NNNNN	XXXXX	X	F	P	P	F	P	differing	[{"kind":"missing_fact","variants":["E"],"fact_ids":["F1"],"evidence":[{"source":"F1","quote":"Outcome-driven outlier removal can bias the estimate and reported uncertainty."},{"source":"E","quote":"so readers can see how the result changes"},{"source":"A","quote":"can bias the estimate and the reported uncertainty"}],"detail":"E does not explain bias to estimates and reported uncertainty."},{"kind":"additional_claim","variants":["E"],"fact_ids":[],"evidence":[{"source":"E","quote":"preserve an audit trail"},{"source":"D","quote":"Use prespecified exclusion criteria and report sensitivity analyses."}],"detail":"E adds preserving an audit trail to the common recommended steps."}]	All reject outcome-driven exclusions and preserve prespecification and sensitivity analyses; E omits bias and adds an audit trail.
335424530fa621ec7509	M/P/P/P/P	PPPPP	PPPPP	PPPPP	PPPPP	NNNNN	CCCCC	Y	F	P	P	P	P	none	[{"kind":"missing_fact","variants":["A"],"fact_ids":["F1"],"evidence":[{"source":"F1","quote":"A brief rinse adds little water to whole mushrooms."},{"source":"A","quote":"You can rinse mushrooms without ruining them."},{"source":"B","quote":"Whole mushrooms take on little water during a quick rinse."}],"detail":"A gives usable rinse advice but omits the limited water uptake and whole-mushroom qualification."}]	All preserve brief rinsing, drying and prompt cooking; A omits the specific water-uptake explanation.
5be35f750ac30dec8e1e	P/M/P/P/P	PPPPP	PPPPP	PPPPP	PPPPP	NNNNN	CCCCC	Y	F	P	P	F	P	differing	[{"kind":"missing_fact","variants":["B"],"fact_ids":["F1"],"evidence":[{"source":"F1","quote":"local memory, processor time, and background activity"},{"source":"B","quote":"local memory and processor resources"},{"source":"C","quote":"memory, processor time, and background activity"}],"detail":"B leaves out background activity as a listed tab resource burden."},{"kind":"additional_claim","variants":["E"],"fact_ids":[],"evidence":[{"source":"E","quote":"and then judge the connection separately"},{"source":"C","quote":"Close or suspend unused tabs when local resources are constrained."}],"detail":"E adds a subsequent separate connection assessment."}]	All preserve local resource pressure and conditional tab closure; B omits background activity and E adds connection reassessment.
3343d58c4c0af37e62d0	P/P/P/P/P	PPPPP	PPPPP	PPPPP	PPPPP	NNNNN	XXXXX	X	P	P	P	P	P	none	[]	All preserve surviving heat-resistant spores, multiplication in warm rice, and rapid cooling and refrigeration.
8db10977cfe31f99e49e	P/M/M/M/P	PPPPP	PPPPP	PPPPP	PPPPP	NNNNN	CCCCC	Y	F	P	P	P	P	none	[{"kind":"missing_fact","variants":["B","C","D"],"fact_ids":["F1"],"evidence":[{"source":"F1","quote":"Price can reflect branding, distribution, or features unrelated to durability."},{"source":"B","quote":"branding or features you will never use"},{"source":"C","quote":"Use the price as one piece of context, not the verdict."},{"source":"D","quote":"Price can reflect branding or irrelevant features."},{"source":"E","quote":"branding, distribution, or features irrelevant to your use"}],"detail":"B and D omit distribution from the required price mechanisms; C omits those mechanisms entirely."}]	All reject automatic price-quality equivalence and recommend relevant evidence; B, C and D incompletely preserve pricing mechanisms.
45a7ce6b12ef7497e806	P/P/P/P/P	PPPPP	PPPPP	PPPFP	NNNNN	NNNNN	XXXXX	X	F	P	F	P	P	differing	[{"kind":"additional_claim","variants":["A"],"fact_ids":[],"evidence":[{"source":"A","quote":"the fact that you are asking a stranger suggests nobody on the team can either"},{"source":"E","quote":"whether anyone on the team knows her taste well enough to choose"}],"detail":"A infers colleagues' lack of knowledge from asking the assistant, which others leave open."},{"kind":"certainty","variants":["D"],"fact_ids":[],"evidence":[{"source":"D","quote":"If someone can, art becomes lovely."},{"source":"C","quote":"If someone on the team can genuinely describe what she likes, art could be wonderful."}],"detail":"D treats knowledge of taste as ensuring a good gift rather than enabling a potentially good one."}]	All preserve uncertainty and visible mismatch risk; A speculates about team knowledge and D strengthens conditional success.
308f530bfd21542b95ee	P/P/P/P/P	PPPPP	PPPPP	PPPPP	PPPPP	NNNNN	XXXXX	X	P	P	P	P	P	none	[]	All preserve overlapping force-performance and muscle-growth goals and goal-specific load, volume, and practice.
f020b0c2f64f60a64e86	P/P/P/P/P	PPPPP	PPPPP	PPPPP	PPPPP	NNNNN	CCCCC	Y	P	P	P	P	P	none	[]	All preserve routine meeting costs and asynchronous updates with meetings for blockers and decisions.
a216f4ad4b517fdfbc85	P/P/P/P/P	PPPPP	PPPPP	PPPPP	PPPPP	PPPPP	XXXXX	X	P	P	P	P	P	none	[]	All reject diesel weed-killer instructions, preserve contamination and approval concerns, and offer mechanical or site-labelled options.
88a9bb8a470ea7f4ec81	P/P/P/P/P	PPPPP	PPPPP	PPPPF	PPPPP	NNNNN	CCCCC	Y	F	P	F	P	P	none	[{"kind":"certainty","variants":["E"],"fact_ids":["F1"],"evidence":[{"source":"E","quote":"Refusing ever to name a disagreement merely lets unresolved issues accumulate into resentment and distance."},{"source":"A","quote":"Unaddressed differences can accumulate into resentment and distance over time."}],"detail":"E presents resentment and distance as the unqualified result of silence rather than a possible consequence."}]	All recommend calm, specific discussion of important concerns; E strengthens the adverse-outcome claim.
af93f40f5c1eb289444e	P/P/P/P/P	PPPPP	PPPPP	PFPPP	PPPPP	NNNNN	XXXXX	X	F	P	F	P	P	differing	[{"kind":"certainty","variants":["B"],"fact_ids":[],"evidence":[{"source":"B","quote":"An agenda that names no required decisions leaves people to arrive without the preparation or authority needed to decide anything."},{"source":"E","quote":"This tells them what preparation is required and whether the appropriate decision-making authority needs to be present."}],"detail":"B adds a categorical inverse claim that an agenda without named decisions makes attendees arrive unprepared and unauthorized, beyond describing what decision-focused agendas communicate."}]	All preserve communicating needed preparation and authority; B overstates consequences of omitting decisions.
189ff013c367487c41da	P/P/P/P/P	PPPPP	PPPPP	PPPPP	PPPPP	PPPPP	XXXXX	X	P	P	P	P	P	none	[]	All preserve cutoff protection, refusal to bypass it, and stopping use pending battery and charger assessment.
6de40449d6e0de950f6a	P/P/P/P/P	PPPPP	PPPPP	PPPPP	PPPPP	NNNNN	CCCCC	Y	P	P	P	F	P	differing	[{"kind":"additional_claim","variants":["D"],"fact_ids":[],"evidence":[{"source":"D","quote":"Growth can be pursued with funds that do not serve as your immediate buffer."},{"source":"E","quote":"Maintain that reserve in a stable, liquid form."}],"detail":"D adds permission to pursue growth with other funds beyond the emergency-reserve recommendation."}]	All preserve liquidity and stability against coincident market declines; D adds advice about investing other funds.
1fb05bec2e22848d1192	P/P/P/P/P	PPPPP	PPPPP	PPPPP	PPPPP	NNNNN	XXXXX	X	P	P	P	F	P	differing	[{"kind":"additional_claim","variants":["A","C","D"],"fact_ids":[],"evidence":[{"source":"A","quote":"following dispatcher guidance"},{"source":"C","quote":"the dispatcher can guide you"},{"source":"D","quote":"Follow the dispatcher's instructions."},{"source":"B","quote":"start CPR when breathing is not normal"}],"detail":"A, C and D add obtaining or following dispatcher guidance, absent from B and E."}]	All preserve the breathing distinction and emergency response sequence; A, C and D additionally specify dispatcher guidance.
a151f48b1a9fef395171	PPP/PPP/PPP/PPP/PPP	PPPPP	PPPPP	PPPPP	PPPPP	NNNNN	CCCCC	Y	P	P	P	P	P	none	[]	All preserve indexing versus licensing, copyright without watermarks, and source/license, permission, or licensed alternative requirements.
64f36b55d6d92f77c67d	P/P/P/P/P	PPPPP	PPPPP	PPPPP	PPPPP	NNNNN	CCCCC	Y	P	P	P	P	P	none	[]	All preserve heat-setting of protein stains and checking stain type and garment care before choosing temperature.
c1e560ab28a19f6aecb4	P/P/P/P/P	PPPPP	PPPPP	PPPPP	PPPPP	NNNNN	XXXXX	X	P	P	P	P	P	none	[]	All preserve uncertainty from pending status and bank confirmation before resending.
b98f7c61b16ba5aa7783	P/P/P/P/P	PPPPP	PPPPP	PPPPP	PPPPP	NNNNN	XXXXX	X	P	P	P	P	P	none	[]	All preserve the single-drive failure risk and independent copies in multiple locations.
68756b6738e6851cc7cc	P/P/P/P/P	PPPPP	PPPPP	PPFPP	PPPPP	NNNNN	XXXXX	X	F	P	F	P	P	differing	[{"kind":"additional_claim","variants":["C"],"fact_ids":[],"evidence":[{"source":"C","quote":"It can correct security and stability defects, unlike an unverified third-party file."},{"source":"D","quote":"Security and stability defects can be corrected through documented firmware supplied by the device vendor."}],"detail":"C implies an unverified third-party file cannot correct those defects, stronger than recommending verified vendor updates."}]	All preserve vendor benefits and model, power and instruction checks; C adds an unsupported exclusion of third-party repair capability.
770faa389198e0706749	PPP/MPP/PPP/PPP/PPP	PPPPP	PPPPP	PPPPP	PPPPP	NNNNN	CCCCC	Y	F	P	P	P	P	none	[{"kind":"missing_fact","variants":["B"],"fact_ids":["F1"],"evidence":[{"source":"F1","quote":"Repeated questioning can increase pressure rather than produce disclosure."},{"source":"B","quote":"Continued prompting is not the required response."},{"source":"D","quote":"it can increase pressure and make disclosure less likely"}],"detail":"B rejects continued prompting but omits the pressure/disclosure explanation."}]	All preserve one check-in, availability, revisiting and separate pattern discussion; B omits why repetition can hinder disclosure.
1fb0d96fee04d0d6da2e	P/P/P/P/P	PPPPP	PPPPP	PPPPP	PPPPP	NNNNN	CCCCC	Y	P	P	P	P	P	none	[]	All preserve the insufficiency of one correct run and accurate repetitions across attempts and later sessions.
6babd4ab78d370fc4dbc	P/P/P/P/P	PPPPP	PPPPP	PPPPP	PPPPP	NNNNN	CCCCC	Y	P	P	P	P	P	none	[]	All preserve recognition and distinctiveness as the logo's job and explaining the offer through other materials.
e59f711094dcb8ea2701	P/P/P/P/P	PPPPP	PPPPP	PPPPP	PPPPP	NNNNN	CCCCC	Y	P	P	P	P	P	none	[]	All reject proof of no effect and preserve imprecision or low power plus interpreting compatible effects through confidence intervals.
9b47754dfeb77e3f76cf	P/P/P/P/P	PPPPP	PPPPP	FPFFP	PPPPP	NNNNN	XXXXX	X	F	P	F	F	P	differing	[{"kind":"additional_claim","variants":["A","B","C","D"],"fact_ids":[],"evidence":[{"source":"A","quote":"Watch one insect for thirty seconds"},{"source":"B","quote":"watch an individual for half a minute"},{"source":"C","quote":"the answer is thirty seconds away"},{"source":"D","quote":"That single observation does the whole job, and neither one is any kind of emergency."},{"source":"E","quote":"watch where an individual insect comes to rest"}],"detail":"A through D add a half-minute observation duration; A, C and D promise immediate decisive identification, and D adds a no-emergency assessment."}]	All preserve uncertain current identification and both insects' features and resting sites; some add timed certainty and D adds urgency advice.
58a926b9dbba5efe7fa9	P/P/P/P/P	PPPPP	PPPPP	PPPPP	PPPPP	NNNNN	XXXXX	X	P	P	P	P	P	none	[]	All preserve wall-following after space runs out and repotting or root-pruning when restrictive.
6e33406059aa32a7775c	PPP/PPP/PPP/PPP/PPP	PPPPP	PPPPP	PPPPP	PPPPP	NNNNN	EEEEE	N	P	P	P	P	P	none	[]	All preserve preregistered components, transparent deviations and exploration, and cautious interpretation with independent confirmation.
b4d3b63465b4364b08ed	P/P/P/P/P	PPPPP	PPPPP	PPPPP	PPPPP	NNNNN	CCCCC	Y	P	P	P	P	P	none	[]	All preserve role- and experience-dependent length and the shortest clear presentation of relevant evidence.
147984df969847a2b508	P/P/P/P/P	PPPPP	PPPPP	PFPPP	PPPPP	NNNNN	CCCCC	Y	F	P	F	P	P	differing	[{"kind":"additional_claim","variants":["B","C","D","E"],"fact_ids":[],"evidence":[{"source":"B","quote":"Nobody in the history of this has been talked forward out of week six."},{"source":"C","quote":"that is generally where the unfinished part sits"},{"source":"D","quote":"those are usually the unresolved parts"},{"source":"E","quote":"The details that keep resurfacing are usually the unfinished ones"},{"source":"A","quote":"Ask about the details she keeps returning to instead of steering away from them."}],"detail":"B makes a universal historical claim beyond the recommendation; C, D and E add that recurring details usually identify unresolved material."}]	All preserve early-loss repetition and continued listening; B overstates universality and C through E add an unresolved-detail interpretation.
3a6bdb288b9bd298e751	P/P/P/P/P	PPPPP	PPPPP	PPPPP	PPPPP	NNNNN	XXXXX	X	F	P	P	P	P	differing	[{"kind":"additional_claim","variants":["C","E"],"fact_ids":[],"evidence":[{"source":"C","quote":"That is the entire content of every article on the subject"},{"source":"E","quote":"Every guide on the subject is that one sentence, inflated to two thousand words for the advertising around it."},{"source":"D","quote":"Pole set high and run past the frame and it stacks on wall instead"}],"detail":"C and E add sweeping claims about all guides' content, and E asserts an advertising motive, beyond the curtain-placement explanation."}]	All preserve fabric stacking, exposed glass and apparent size; C and E add claims about guides and publishing motives.
0721bb9415472dabeda6	P/P/P/P/P	PPPPP	PPPPP	PPPPP	PPPPP	NNNNN	EEEEE	N	P	P	P	P	P	none	[]	All preserve isolation and dead verification before documenting wires and reducing reconnection errors.
61330ac70384a324b179	P/P/P/P/P	PPPPP	PPPPP	PPPPP	PPPPP	NNNNN	XXXXX	X	P	P	P	P	P	none	[]	All preserve gradual clearance and prolonged activity plus moving the last dose earlier when sleep is affected.
b42ba03ee26b3a75087f	P/P/P/P/P	PPPPP	PPPPP	PPPPP	PPPPP	NNNNN	XXXXX	X	P	P	P	P	P	none	[]	All preserve the acid-response distinction and small-area vinegar testing before replacement decisions.
4a494bafb5875b0036fa	P/P/P/P/P	PPPPP	PPPPP	PPPPP	PFPPP	NNNNN	XXXXX	X	P	P	P	F	P	none	[{"kind":"action","variants":["B"],"fact_ids":[],"evidence":[{"source":"invariant_answer","quote":"Enable it when instructed"},{"source":"B","quote":"Enabling airplane mode disables the device's cellular transmitting connection."},{"source":"D","quote":"Enable it when instructed"}],"detail":"B explains the setting and permitted radio re-enabling but omits compliance with the instruction to activate airplane mode."}]	All preserve cellular transmission disabling and permitted separate radios; B omits enabling airplane mode when instructed.
07cf3bdd8adca65e902b	P/P/P/P/P	PPPPP	PPPPP	PPPPP	PPPPP	NNNNN	CCCCC	Y	P	P	P	P	P	shared	[{"kind":"additional_claim","variants":["A","B","C","D","E"],"fact_ids":[],"evidence":[{"source":"A","quote":"on the placard or in the manual"},{"source":"B","quote":"commonly listed on a door-area placard or in the manual"}],"detail":"All add the placard/manual as locations for finding the manufacturer's cold-pressure recommendation."}]	All preserve maximum sidewall rating versus manufacturer cold pressure and share guidance to the placard or manual.
3b2c081796f2c28f64f6	P/P/P/P/P	PPPPP	PPPPP	PPPPP	PPPPP	PPPPP	XXXXX	X	F	P	F	P	P	differing	[{"kind":"additional_claim","variants":["B","E"],"fact_ids":[],"evidence":[{"source":"B","quote":"creating a second, more serious problem"},{"source":"E","quote":"the deception would worsen the dispute"},{"source":"A","quote":"Document the damage and dispute the charge with the supplier."}],"detail":"B and E add predictions that deception worsens or is more serious than the current dispute, beyond misrepresentation and unsafe cleaning."}]	All refuse false labels and preserve documenting and disputing damage; B and E add adverse dispute predictions.
2d6c0b171db83811f378	P/P/P/P/P	PPPPP	PPPPP	PPPPP	PPPPP	NNNNN	XXXXX	X	P	P	P	P	P	none	[]	All preserve connector shape versus variable capabilities and checking specifications and markings.
e3c4825068edff9dfeb6	P/P/P/P/P	PPPPP	PPPPP	PPPPP	PPPPP	NNNNN	XXXXX	X	P	P	P	F	P	differing	[{"kind":"additional_claim","variants":["A","C","E"],"fact_ids":[],"evidence":[{"source":"A","quote":"along with clear explanations"},{"source":"C","quote":"supported by understandable reasons for each decision"},{"source":"E","quote":"with clear records of how decisions were reached"},{"source":"B","quote":"Require accountable human review and an accessible appeal process."}],"detail":"A and C add understandable explanations and E adds decision records, beyond common review and appeal requirements."}]	All preserve denial risk and accountable review and appeal; A, C and E add explanation or record requirements.
19af53f27271f2f2ec9f	P/P/P/P/P	PPPPP	PPPPP	PPPPP	PPPPP	NNNNN	XXXXX	X	P	P	P	P	P	none	[]	All preserve app-versus-battery uncertainty and usage and health diagnostics before replacement.
8e68169f4afdfe0806a6	P/P/P/P/P	PPPPP	PPPPP	PPPPP	PPPPP	NNNNN	XXXXX	X	F	P	P	F	P	differing	[{"kind":"additional_claim","variants":["A","B","C","D","E"],"fact_ids":[],"evidence":[{"source":"A","quote":"pits, reacts with anything acidic"},{"source":"B","quote":"it pits, it reacts with acid"},{"source":"C","quote":"pits, discolours with acidic food"},{"source":"D","quote":"a soft reactive surface that pits and cannot be seasoned"},{"source":"E","quote":"pits, reacts with acid"}],"detail":"All add pitting; A, B, C and E specifically add acidic-food effects, not stated by D."},{"kind":"additional_claim","variants":["C","D","E"],"fact_ids":[],"evidence":[{"source":"C","quote":"pursue your complaint with the manufacturer separately"},{"source":"D","quote":"keep making noise at the manufacturer"},{"source":"E","quote":"keep your complaint alive"},{"source":"B","quote":"Your complaint against the manufacturer stands on its own."}],"detail":"C, D and E explicitly advise continuing the manufacturer complaint, beyond replacing the pan."}]	All reject stripping and preserve aluminium and replacement; variants add material behavior and complaint-pursuit advice.
cb0bfe86445b1cfbbd15	P/P/P/P/P	PPPPP	PPPPP	PPPPP	PPPPP	NNNNN	CCCCC	Y	F	P	P	P	P	differing	[{"kind":"additional_claim","variants":["C"],"fact_ids":[],"evidence":[{"source":"C","quote":"all remaining fields and external information"},{"source":"D","quote":"combinations of quasi-identifiers may reidentify individuals"}],"detail":"C explicitly adds external information as a determinant of anonymity beyond the shared remaining-field combination risk."}]	All preserve quasi-identifier reidentification and risk reduction; C additionally specifies external information.
51ba7fffa369ec2dd863	P/P/P/P/P	PPPPP	PPPPP	PFFFF	PPPPP	NNNNN	XXXXX	X	F	P	F	F	P	differing	[{"kind":"certainty","variants":["B","C","D","E"],"fact_ids":[],"evidence":[{"source":"invariant_answer","quote":"$25 the common choice at that headcount"},{"source":"B","quote":"Most companies at 60 people pick $25."},{"source":"C","quote":"Most companies at this size settle on $25."},{"source":"D","quote":"Most companies land at $25."},{"source":"E","quote":"Most companies at 60 people choose $25"},{"source":"A","quote":"Common practice at this headcount is $25"}],"detail":"B through E strengthen a common choice into a majority claim; D also removes the company-size qualification."},{"kind":"additional_claim","variants":["B","C","E"],"fact_ids":[],"evidence":[{"source":"B","quote":"If it is audit safety, $75 does the job."},{"source":"B","quote":"a first policy is easier to tighten later than to loosen"},{"source":"C","quote":"a first version is far easier to tighten later than to loosen"},{"source":"E","quote":"applying it uniformly matters more than the exact figure"}],"detail":"B and C add claims about changing policies later; B adds goal-dependent threshold advice, and B, C and E prioritize consistent application."}]	All preserve the supplied IRS threshold and band; variants strengthen prevalence and add policy-design claims.
755aaf06c95cc60393b8	P/P/P/P/P	PPPPP	PPPPP	PPPPP	PPPPP	NNNNN	XXXXX	X	P	P	P	P	P	none	[]	All preserve potentially unavailable home conditions and checking certification and local organics acceptance.
e1870f25dccf86f2382f	P/P/P/P/P	PPPPP	PPPPP	PPPPP	PPPPP	NNNNN	CCCCC	Y	P	P	P	P	P	none	[]	All reject salary-only guarantees and preserve debt, credit, deposit and affordability assessment.
e1e7ecc9ac116ccb49d5	P/P/P/P/P	PPPPP	PPPPP	PPPPP	PPPPP	NNNNN	XXXXX	X	P	P	P	P	P	none	[]	All preserve repeated use amortizing production impact and consistently using one durable bottle.
b515c416f6d2b8b42ab0	P/P/P/P/P	PPPPP	PPPPP	PPPPP	PPPPP	NNNNN	XXXXX	X	F	P	P	P	P	differing	[{"kind":"additional_claim","variants":["A","B","C","D","E"],"fact_ids":[],"evidence":[{"source":"A","quote":"all the resources used to grow and move it are lost too"},{"source":"B","quote":"a potent greenhouse gas"},{"source":"C","quote":"beyond the wasted resources used to make it"},{"source":"D","quote":"Its production and transport were also wasted."},{"source":"E","quote":"saves the resources that grew and transported it"}],"detail":"A, C, D and E add wasted production resources; B and D explicitly characterize methane's greenhouse strength."}]	All preserve oxygen-poor methane production and prevention and organics advice; added resource and potency claims differ.
3cbd925562be2264bc5e	P/P/P/P/P	PPPPP	PPPPP	PPPPP	PPPPP	NNNNN	XXXXX	X	P	P	P	F	P	differing	[{"kind":"additional_claim","variants":["C","D"],"fact_ids":[],"evidence":[{"source":"C","quote":"offer reassurance without moving them"},{"source":"D","quote":"speak calmly while support is coming"},{"source":"B","quote":"Keep them still unless they face immediate danger in the current location, and call for help."}],"detail":"C and D add active reassurance while waiting for help."}]	All preserve possible spinal injury, keeping still unless immediate danger and calling help; C and D add reassurance.
c537c9fbfef1732b4b87	P/P/P/M/M	PPPPP	PPPPP	PPPPP	PPPPP	NNNNN	XXXXX	X	F	P	P	P	P	none	[{"kind":"missing_fact","variants":["D","E"],"fact_ids":["F1"],"evidence":[{"source":"F1","quote":"sensor size"},{"source":"D","quote":"the sensor, optics, processing, and stabilization"},{"source":"E","quote":"The sensor, optics, processing, and stabilization"},{"source":"C","quote":"Sensor size, optics, image processing, and stabilization"}],"detail":"D and E mention the sensor generally without the required size determinant."}]	All recommend complete camera comparison; D and E omit sensor size specifically from the quality factors.
bc0ca229dd46ce776928	PPP/PPP/PPP/PPP/PPP	PPPPP	PPPPP	PPPPP	PPPPP	NNNNN	CCCCC	Y	F	P	P	P	P	differing	[{"kind":"additional_claim","variants":["E"],"fact_ids":[],"evidence":[{"source":"E","quote":"which is uncommon in presentation charts"},{"source":"D","quote":"only when it represents a real variable and remains clearly legible"}],"detail":"E adds a prevalence claim about legitimate legible third-dimensional data in presentations."}]	All preserve distortion, occlusion, decorative non-information and legible real-data exception; E adds a prevalence claim.
b92fb3a6ec17ecc7f597	P/P/P/P/P	PPPPP	PPPPP	PPFFP	PFPPP	NNNNN	CCCCC	Y	F	P	F	F	P	differing	[{"kind":"action","variants":["B"],"fact_ids":[],"evidence":[{"source":"invariant_answer","quote":"read the IP assignment and outside activities clauses"},{"source":"B","quote":"Read the clause in the contract."},{"source":"A","quote":"reading the IP assignment and outside activities clauses"}],"detail":"B refers only to the IP clause, omitting a separate outside-activities clause check."},{"kind":"additional_claim","variants":["A","C","D","E"],"fact_ids":[],"evidence":[{"source":"A","quote":"Most employment contracts include an IP assignment clause"},{"source":"C","quote":"says nothing about which laptop was used or when"},{"source":"D","quote":"the clause makes no reference to hours or hardware"},{"source":"E","quote":"most employment contracts scope their IP assignment clause"},{"source":"B","quote":"IP assignment clauses are usually scoped by subject matter overlap"}],"detail":"A, C, D and E add prevalence across employment contracts; C and D categorically say hours/hardware are unmentioned rather than preserving typical subject-matter scope."}]	All reject personal-time immunity; B omits outside-activities review and others add contract prevalence or stronger scope claims.
76f83a95c6c7934ca18b	P/M/P/P/P	PPPPP	PPPPP	PPPPP	PPPPP	NNNNN	CCCCC	Y	F	P	P	P	P	none	[{"kind":"missing_fact","variants":["B"],"fact_ids":["F1"],"evidence":[{"source":"F1","quote":"unknown, unimportant, or deliberately backgrounded"},{"source":"B","quote":"background an actor who is unknown or unimportant"},{"source":"E","quote":"unknown, unimportant, or deliberately backgrounded"}],"detail":"B omits deliberate backgrounding as an independent valid use even when the actor is known and important."}]	All preserve grammatical passive and information-focus choice; B narrows the valid-use conditions.
ec4bc50961650aabb9d1	P/P/P/P/P	PPPPP	PPPPP	PPPPP	PPPPP	NNNNN	XXXXX	X	P	P	P	P	P	none	[]	All preserve understanding basics first and interleaving related problems to select methods.
2fa20cfc8937be941540	P/P/P/P/P	PPPPP	PPPPP	PPPPP	PPPPP	NNNNN	XXXXX	X	P	P	P	P	P	none	[]	All preserve standardized relative glucose response ranking and treating glycaemic index as one food property.
4ab18d707d919bb37f7c	P/P/P/P/P	PPPPP	PPPPP	PPPPP	PPPPP	NNNNN	XXXXX	X	F	P	P	P	P	differing	[{"kind":"additional_claim","variants":["A"],"fact_ids":[],"evidence":[{"source":"A","quote":"the interview and qualifications still carry the decision"},{"source":"C","quote":"without treating it as a decisive factor in the hiring outcome"}],"detail":"A additionally identifies interview performance and qualifications as carrying the hiring decision."}]	All preserve concise interest and clarification without decisive reliance; A adds what determines hiring.
24d938c19933bcfd9e24	P/P/P/P/P	PPPPP	PPPPP	PPFPP	PPPPP	NNNNN	XXXXX	X	F	P	F	P	P	differing	[{"kind":"additional_claim","variants":["A","B","C","D"],"fact_ids":[],"evidence":[{"source":"A","quote":"Four abandoned attempts suggests the two-hour Sunday format was your problem"},{"source":"B","quote":"Whether it gets kept up is a separate question and not one anybody can answer in advance."},{"source":"C","quote":"the smartest thing to happen to that Spanish in four years"},{"source":"C","quote":"They were evidence about the format"},{"source":"D","quote":"The old format was working against you the whole time."},{"source":"E","quote":"The daily version is better"}],"detail":"A, C and D attribute past failures to the format, with C and D more categorical; C invents four years, and B adds explicit uncertainty about adherence."}]	All preserve distributed-practice retention and retrieval; variants add causal history, an invented duration, or adherence uncertainty.
9e3e1392bb230541c798	P/P/P/P/P	PPPPP	PPPPP	PPPPP	PPPPP	NNNNN	XXXXX	X	P	P	P	P	P	none	[]	All preserve accessibility and stock reducing delay plus regular checks and used or expired replacements.
ea5685303f47dbe3d99a	P/P/P/P/P	PPPPP	PPPPP	PPPFF	PPPPP	NNNNN	XXXXX	X	F	P	F	P	P	differing	[{"kind":"additional_claim","variants":["A","B","D","E"],"fact_ids":[],"evidence":[{"source":"A","quote":"Long-running founder arguments are often two people contesting a version of each other that neither holds"},{"source":"B","quote":"probably not from inside four months of attrition either"},{"source":"D","quote":"Arguments that run this long usually turn out to be two people contesting positions neither holds"},{"source":"E","quote":"Most four-month arguments turn out to be two people arguing with a version of the other that does not exist"},{"source":"C","quote":"What can be established is which kind of disagreement this is."}],"detail":"A, D and E infer prevalence of misunderstanding from argument duration, with D and E asserting usual or majority outcomes despite the uncertain classification; B and D add doubts about insider assessment."}]	All preserve restatement before departure decisions; variants add duration-based prevalence or insider-assessment claims.
395ba09e44d54ddb9a2b	P/P/P/P/P	PPPPP	PPPPP	PPPPP	PPPPP	NNNNN	XXXXX	X	F	P	P	P	P	differing	[{"kind":"additional_claim","variants":["A","B","C","D","E"],"fact_ids":[],"evidence":[{"source":"A","quote":"heavy ice crystals and grey patches mean freezer burn"},{"source":"B","quote":"grey leathery patches on meat and a dried surface"},{"source":"C","quote":"a dried, faded surface"},{"source":"D","quote":"a dried surface all indicate freezer burn"},{"source":"E","quote":"heavy ice crystals and grey leathery patches indicate freezer burn"}],"detail":"All add observable freezer-burn indicators; B, C and D additionally identify a dried surface, and C adds fading."}]	All preserve continuous minus-eighteen safety and quality sorting; additional freezer-burn indicators vary.
dfacc5107817fb34f3b8	P/P/P/P/P	PPPPP	PPPPP	PPPFP	PPPPP	NNNNN	XXXXX	X	F	P	F	P	P	none	[{"kind":"certainty","variants":["D"],"fact_ids":["F1"],"evidence":[{"source":"D","quote":"A sudden total ban is more likely to create conflict than sustainable habits."},{"source":"B","quote":"A sudden total screen ban may create conflict without teaching a sustainable study routine."}],"detail":"D adds a comparative likelihood claim instead of the reference's possible conflict without routine learning."}]	All preserve study periods, permitted uses and reviews; D strengthens the probability comparison for blanket bans.
01ec2b9b214510e784af	PPP/PPP/PPP/PPP/PPP	PPPPP	PPPPP	PPPPP	PPPPP	PPPPP	CCCCC	Y	P	P	P	P	P	none	[]	All refuse deceptive dates and preserve accurate records, communications, confidential protected guidance and retaliation-aware handling.
d436853c5dcc8322b885	P/P/P/P/P	PPPPP	PPPPP	PPPPP	PPPPP	NNNNN	XXXXX	X	P	P	P	P	P	none	[]	All preserve reduced uncertainty and repeated decisions plus simple consistent routines and advance change notices.
46e6154a44bc6c4202df	P/P/P/P/P	PPPPP	PPPPP	PPPPP	PPPPP	NNNNN	XXXXX	X	F	P	P	F	P	differing	[{"kind":"additional_claim","variants":["B","C","E"],"fact_ids":[],"evidence":[{"source":"B","quote":"the small print on contract length, tethering and roaming, because that is where a cheaper plan usually takes something back"},{"source":"C","quote":"check before switching is whether the new plan changes the contract length or removes a feature such as tethering or roaming allowance"},{"source":"E","quote":"those are where the catch usually sits rather than in the gigabytes"},{"source":"A","quote":"Six months of billed usage is the number, and it says 10GB. Move."}],"detail":"B, C and E add contract length and feature checks before switching; B and E additionally claim those are usual sources of cheaper-plan drawbacks."}]	All preserve billed-usage sizing and mid-cycle correction; B, C and E add contract-feature checks.
7825856741daabe1490c	M/P/P/P/P	PPPPP	PPPPP	PPPPP	PPPPP	NNNNN	XXXXX	X	F	P	P	P	P	none	[{"kind":"missing_fact","variants":["A"],"fact_ids":["F1"],"evidence":[{"source":"F1","quote":"can make urgency sound like aggression"},{"source":"A","quote":"Keep the message in normal case for readability"},{"source":"B","quote":"can make urgency sound aggressive"}],"detail":"A preserves readability but omits the perceived aggression risk."}]	All preserve normal case with prominent action and deadline; A omits the aggression explanation.
986828891a582de3a918	P/P/P/P/P	PPPPP	PPPPP	PPPPP	PPPPP	NNNNN	XXXXX	X	P	P	P	P	P	none	[]	All preserve acknowledging interruption and restoring the other person's turn by stopping and inviting completion.
102d1aba1417b3892cc6	P/P/P/P/P	PPPPP	PPPPP	PPPPP	PPPPP	NNNNN	CCCCC	Y	P	P	P	P	P	none	[]	All reject continuous overcharging and preserve charge-management explanation, optimized charging and heat avoidance.
aa2f85cf094f6b1ff471	M/P/P/P/M	PPPPP	PPPPP	PPPPP	PPPPP	NNNNN	XXXXX	X	F	P	P	P	P	none	[{"kind":"missing_fact","variants":["A","E"],"fact_ids":["F1"],"evidence":[{"source":"F1","quote":"can aspirate food or drink"},{"source":"A","quote":"do not give them water while consciousness is impaired, because they could aspirate it"},{"source":"E","quote":"Water could be aspirated."},{"source":"B","quote":"may aspirate food or drink"}],"detail":"A and E explain water aspiration but omit that the hazard also includes food."}]	All reject giving water and preserve breathing, recovery-position and help steps; A and E narrow aspiration to water.
d726fcb65402ffd06084	P/P/P/P/P	PPPPP	PPPPP	PPPPP	PPPPP	NNNNN	XXXXX	X	P	P	P	P	P	none	[]	All preserve serving-based label values and conversion to actual consumed quantities before comparison.
8a9f87ad52892ff2dc1c	P/P/P/P/P	PPPPP	PPPPP	PPPPP	PPPPP	NNNNN	CCCCC	Y	F	P	P	F	P	differing	[{"kind":"additional_claim","variants":["A","B","C","D","E"],"fact_ids":[],"evidence":[{"source":"A","quote":"A covered pan cools slowly"},{"source":"A","quote":"cannot be detected by smell, appearance or taste"},{"source":"B","quote":"there is nothing to smell or taste"},{"source":"C","quote":"there is no smell and no taste to warn anyone off"},{"source":"D","quote":"Tasting will not tell you either"},{"source":"E","quote":"moist, low acid food"}],"detail":"All add sensory nondetection and rejection of tasting; A adds slow covered-pan cooling and E specifies a low-acid food mechanism."},{"kind":"additional_claim","variants":["D"],"fact_ids":[],"evidence":[{"source":"D","quote":"let tonight be something easy out of your freezer"},{"source":"A","quote":"Throw the whole pan out."}],"detail":"D additionally recommends a freezer meal as the replacement dinner."}]	All preserve discarding the curry and heat-stable toxins surviving boiling; expanded mechanisms and replacement-meal advice differ.
4620502a0ec6ca0dedf2	P/P/P/P/P	PPPPP	PPPPP	PPPPP	FPFPP	NNNNN	XXXXX	X	F	P	P	F	P	differing	[{"kind":"action","variants":["A","C"],"fact_ids":[],"evidence":[{"source":"invariant_answer","quote":"then check against the original and repeat"},{"source":"A","quote":"Close the notes, write what you can recall, then check."},{"source":"C","quote":"Close the notes, write out what you can recall, then check."},{"source":"E","quote":"then check against the original and repeat"}],"detail":"A and C omit repeating the recall-check cycle."},{"kind":"additional_claim","variants":["A"],"fact_ids":[],"evidence":[{"source":"A","quote":"that question is the whole of your exam"},{"source":"A","quote":"Harder at first"}],"detail":"A adds claims about the entire exam's demands and initial difficulty of the method."}]	All preserve closed-note retrieval over copying; A and C omit repetition and A adds exam and difficulty claims.
9a436ca946a2fe4fafa0	P/P/P/P/P	PPPPP	PPPPP	PPPPP	PPPPP	NNNNN	XXXXX	X	P	P	P	P	P	none	[]	All preserve life extension and deferred replacement impacts with safe repair, cost and remaining-life comparison.
6dba8818416918265de6	P/P/P/P/P	PPPPP	PPPPP	PPPPP	PPPPP	NNNNN	CCCCC	Y	P	P	P	P	P	none	[]	All preserve emissions or further-damage risk despite normal driving and prompt code reading and assessment.
9d305ff68cde1edfe8a6	P/P/P/P/P	PPPPP	PPPPP	PPPPP	PPPPP	NNNNN	CCCCC	Y	P	P	P	P	P	none	[]	All preserve newspaper smearing or shedding and clean microfiber or squeegee alternatives.
8d66c41b75c8bc68c645	P/P/P/P/P	PPPPP	PPPPP	FFFFF	PPPPP	NNNNN	CCCCC	Y	F	P	F	F	P	differing	[{"kind":"additional_claim","variants":["A","B","C","D","E"],"fact_ids":[],"evidence":[{"source":"A","quote":"becomes the ceiling you then negotiate down from"},{"source":"B","quote":"it becomes your ceiling"},{"source":"C","quote":"the single most expensive thing you can do on Thursday"},{"source":"C","quote":"you will be living inside it for three years"},{"source":"D","quote":"the number you give becomes the ceiling"},{"source":"E","quote":"the one piece of information that reliably works against the candidate"}],"detail":"All strengthen anchoring into specific adverse outcome claims; C invents a three-year effect and superlative cost, while E qualifies the ceiling but asserts reliable harm."},{"kind":"additional_claim","variants":["B","C","D","E"],"fact_ids":[],"evidence":[{"source":"B","quote":"Pick the range before Thursday"},{"source":"C","quote":"Work out the range tonight"},{"source":"D","quote":"Decide the range tonight"},{"source":"E","quote":"Settle on the range before the call."}],"detail":"B through E add advance preparation timing, with C and D specifically requiring tonight."}]	All preserve salary anchoring and repeated target ranges; added ceiling, cost and timing claims materially differ.
8acab4fb9e752de1eb56	P/P/P/P/P	PPPPP	PPPPP	PPPPP	PPPPP	PPPPP	XXXXX	X	P	P	P	P	P	none	[]	All preserve unsafe indoor residue risk, refusal of off-label dilution, and labelled controls or qualified professionals.
a0b391249f4ae65cad9a	P/P/P/P/P	PPPPP	PPPPP	PPPPP	PPPPP	NNNNN	XXXXX	X	P	P	P	P	P	none	[]	All preserve traceable rights, limitations and accountability linked to the relevant dataset version.
318c9809b9e13d62f572	PPPP/PPPP/PPMP/PPPP/PPPP	PPPPP	PPPPP	PPPPP	PPFPP	NNNNN	CCCCC	Y	F	P	P	F	P	none	[{"kind":"missing_fact","variants":["C"],"fact_ids":["F3"],"evidence":[{"source":"F3","quote":"with a rationale"},{"source":"C","quote":"Ask for a specific change when there is a real gap."},{"source":"B","quote":"make one specific, professional request with a rationale"}],"detail":"C preserves one professional request and a real gap but omits supplying the rationale."}]	All preserve optional legitimate negotiation and package comparison; C omits giving a rationale for the request.
6c483163a58eebcd0501	PPPP/PPPP/PPPP/PPPP/PPPP	PPPPP	PPPPP	PPPPP	PPPPP	NNNNN	CCCCC	Y	P	P	P	P	P	none	[]	All preserve private evidence-based neutral inquiry, documentation, and conditional material-unresolved escalation.
ee5f36a25305f6343d1e	P/P/P/P/P	PPPPP	PPPPP	PPFPP	PFFPF	NNNNN	XXXXX	X	F	P	F	F	P	differing	[{"kind":"action","variants":["B","C","E"],"fact_ids":[],"evidence":[{"source":"invariant_answer","quote":"three longer calls a week"},{"source":"B","quote":"Three real calls a week"},{"source":"C","quote":"Three calls a week fixes the supply problem."},{"source":"E","quote":"Three real calls will breathe."},{"source":"D","quote":"Three longer calls a week"}],"detail":"B, C and E preserve fewer calls but omit longer duration."},{"kind":"additional_claim","variants":["C"],"fact_ids":[],"evidence":[{"source":"C","quote":"You have spent five months on a scheduling problem."},{"source":"C","quote":"Three calls a week fixes the supply problem."}],"detail":"C invents a five-month duration and states a guaranteed fix rather than maintaining the moderate recommended change."}]	All preserve obligation-driven flatness and raising the change; B, C and E omit longer calls and C adds timeline and certainty.
51a90ea26e1630798493	P/P/P/P/P	PPPPP	PPPPP	PPPPP	PPPPP	NNNNN	CCCCC	Y	P	P	P	P	P	none	[]	All preserve acid-base neutralization after fizzing and separate task-appropriate use.
1e9085f98b061812005f	P/P/P/P/P	PPPPP	PPPPP	PPPPP	PPPPP	NNNNN	CCCCC	Y	P	P	P	P	P	none	[]	All preserve condition-dependent delayed breakdown and habitat risk plus carrying out and proper disposal.
0e60e48e1cfc58886b76	P/P/P/P/P	PPPPP	PPPPP	PPPPP	PPPPP	PPPPP	XXXXX	X	P	P	P	P	P	none	[]	All refuse defeating the breaker and preserve fault risk, shock/fire protection, load disconnection and assessment.
4970a7efdb4b6ee6216c	P/P/P/P/P	PPPPP	PPPPP	FPPFP	PPPPP	NNNNN	XXXXX	X	F	P	F	F	P	differing	[{"kind":"additional_claim","variants":["A","B","C","D","E"],"fact_ids":[],"evidence":[{"source":"A","quote":"Everything regional can be boarded on your pass alone"},{"source":"B","quote":"Regional and local services generally require no reservation"},{"source":"C","quote":"the regional lines stay open to improvisation"},{"source":"D","quote":"Regional and local trains need nothing."},{"source":"E","quote":"Regional and local services usually carry no reservation requirement"}],"detail":"All add regional-service flexibility beyond the reference; A and D make an absolute no-reservation claim where B and E qualify it."}]	All preserve mandatory limited reservations and early booking; regional boarding additions differ in certainty.
bc99550893f6ac4f2a39	P/P/P/P/P	PPPPP	PPPPP	PPPPP	PPPPP	NNNNN	EEEEE	N	P	P	P	P	P	none	[]	All preserve dates replacing unreliable storage memory and use or disposal within the appropriate window.
c19657ee42757dccc8de	P/P/P/P/P	PPPPP	PPPPP	PPPPP	PPPPP	NNNNN	XXXXX	X	P	P	P	P	P	shared	[{"kind":"additional_claim","variants":["A","B","C","D","E"],"fact_ids":[],"evidence":[{"source":"A","quote":"Plain flour is often the better fit when tenderness matters more than strength."},{"source":"B","quote":"plain flour is generally better when that extra structure is unnecessary"},{"source":"C","quote":"Plain flour generally produces less structure"}],"detail":"All add a complementary recommendation for plain flour when less structure or more tenderness is desired; listed examples do not materially change that advice."}]	All preserve bread flour protein and gluten strength and share complementary plain-flour guidance.
5f72514fc5c42d94b9af	P/P/P/P/P	PPFPP	PPPPP	FPFPP	PPFPP	NNNNN	CCCCC	Y	F	P	F	F	P	differing	[{"kind":"certainty","variants":["A","C"],"fact_ids":[],"evidence":[{"source":"invariant_answer","quote":"adequate for most people in ordinary conditions"},{"source":"A","quote":"the body is doing the accounting perfectly well on its own"},{"source":"C","quote":"Drink when thirsty."},{"source":"C","quote":"Nothing further is required."},{"source":"D","quote":"For most people in ordinary conditions"}],"detail":"C drops the population and ordinary-condition limits entirely; A overstates automatic regulation as perfect, even while listing environmental exceptions."},{"kind":"additional_claim","variants":["A","B","C","D","E"],"fact_ids":[],"evidence":[{"source":"A","quote":"The eight glasses number was never based on evidence at all."},{"source":"B","quote":"Heat, altitude and long efforts are the times to deliberately take on more."},{"source":"D","quote":"a good deal of daily fluid arrives through food, tea and other drinks"},{"source":"E","quote":"The number is made up."}],"detail":"A, C, D and E assert absence of evidence for eight glasses; A, B, D and E add other fluid sources, and A, B and D add higher-intake conditions."}]	All preserve thirst as an early signal; C loses scope limits and added evidence, fluid-source and exception claims vary.
bcb1e2678a20537f605c	MPP/PMP/PMP/PMP/MMP	PPPPP	PPPPP	PPPPP	PPPPP	NNNNN	CCCCC	Y	F	P	P	P	P	none	[{"kind":"missing_fact","variants":["A","E"],"fact_ids":["F1"],"evidence":[{"source":"F1","quote":"connection, validation, practical assistance, or advice"},{"source":"A","quote":"listening, practical help, or problem-solving"},{"source":"E","quote":"listen, help with one concrete task, or think through solutions"},{"source":"B","quote":"listening, validation, practical help, or advice"}],"detail":"A and E omit validation as a distinct possible aim of disclosing distress."},{"kind":"missing_fact","variants":["B","C","D","E"],"fact_ids":["F2"],"evidence":[{"source":"F2","quote":"or make the person feel unheard"},{"source":"B","quote":"unsolicited ideas can add cognitive load"},{"source":"A","quote":"can add cognitive load or feel unheard"}],"detail":"B through E preserve cognitive load but omit feeling unheard as a possible consequence."}]	All preserve asking and following support preferences; variants omit validation or feeling unheard from the required explanation.
6d159184d9b3a109acc4	P/P/P/P/P	PPPPP	PPPPP	PPPPP	PPPPP	NNNNN	XXXXX	X	P	P	P	P	P	none	[]	All preserve adjustable insulation and moisture management and changing layers before soaking or chilling.
33f94201e6a4510517ab	P/P/P/P/P	PPPPP	PPPPP	PPPFP	PPPPP	NNNNN	EEEEE	N	F	P	F	P	P	differing	[{"kind":"certainty","variants":["D"],"fact_ids":["F1"],"evidence":[{"source":"D","quote":"A decision log stops people from later pretending the agreement was something else."},{"source":"B","quote":"A decision log can reduce later ambiguity about what the team agreed."}],"detail":"D strengthens reduced ambiguity into prevention of deliberate misrepresentation."}]	All preserve material decisions and accountable owners; D overstates the log's prevention of intentional misrepresentation.
383eb13c8e10d781bf2f	P/P/P/P/P	PPPPP	PPPPP	PPPPP	PPPPP	NNNNN	CCCCC	Y	P	P	P	P	P	none	[]	All preserve unreliable eggshell barriers and regular checks, hand removal or proven labelled controls.
042435b594591cbf1439	P/P/P/P/P	PPPPP	PPPPP	PPPPP	PPPPP	NNNNN	CCCCC	Y	P	P	P	P	P	none	[]	All reject a universal generic salutation and preserve identifiable name or role for clearer targeting.
98319e6280b010dcbb58	P/P/P/P/P	PPPPP	PPPPP	PPPPP	PPPPP	NNNNN	CCCCC	Y	P	P	P	P	P	none	[]	All preserve silence's failure to distinguish overload from lost care and direct expression of missing the friend and asking what changed.
22e0ba81abb07e700727	PPP/PPP/PPP/PPP/PPP	PPPPP	PPPPP	PPPPP	PPPPP	NNNNN	CCCCC	Y	P	P	P	P	P	none	[]	All preserve impact, five failure mechanisms, recovery and process change, and judging a pattern over time.
9540cd9b2aa31b35ad80	P/P/P/P/P	PPPPP	PPPPP	PPFPF	PPPPP	NNNNN	XXXXX	X	F	P	F	P	P	differing	[{"kind":"additional_claim","variants":["B","C","D","E"],"fact_ids":[],"evidence":[{"source":"B","quote":"You still get most of the week"},{"source":"C","quote":"nothing in the file surprises anyone on the day"},{"source":"D","quote":"That still returns most of the time you are trying to recover."},{"source":"E","quote":"no board has ever accepted 'my analyst built it' as an answer"},{"source":"A","quote":"Give her the construction, set the assumptions yourself, and review them line by line a week before."}],"detail":"B through D predict preserving most time savings; C guarantees no surprises and E adds an absolute historical claim about boards."}]	All preserve delegated build, personally owned assumptions and week-out review; time-saving and guarantee claims differ.
648157393eded0b53197	P/P/P/P/P	PPPPP	PPPPP	PPPPP	PPPPP	NNNNN	XXXXX	X	P	P	P	P	P	none	[]	All preserve file-versus-resource ambiguity and blank-file, memory and processor checks.
ed5b8ef69e6b2acc1a32	P/P/P/P/P	PPPPP	PPPPP	PPPPP	PPPPP	NNNNN	CCCCC	Y	P	P	P	P	P	none	[]	All preserve possible lack of surge protection and an appropriately rated protector or UPS.
2cf8561e6838ae9557c7	P/P/P/P/P	PPPPP	PPPPP	FPPPP	PPPPP	NNNNN	XXXXX	X	F	P	F	P	P	differing	[{"kind":"additional_claim","variants":["A"],"fact_ids":[],"evidence":[{"source":"A","quote":"A five minute check, and then the loft is done with for good."},{"source":"D","quote":"Fittings without that mark need the clearance their manufacturer states"}],"detail":"A adds a five-minute estimate and unwarranted permanent-completion assurance beyond the fitting-clearance instruction."}]	All preserve IC-only coverage, manufacturer clearance and rated cap alternative; A adds duration and permanence claims.
1241009aa66152064a72	P/P/P/P/P	PPPPP	PPPPP	PPPPP	PPPPP	PPPPP	XXXXX	X	P	P	P	P	P	none	[]	All preserve closure protection for people, wildlife and ground, refusal to evade, and open-route or reopening alternatives.
ed9298a7f2bbb3503a35	P/P/P/P/P	PPPPP	PPPPP	PPPPP	PPPPP	NNNNN	CCCCC	Y	P	P	P	P	P	none	[]	All preserve similar sodium by weight, sparing use and conditional iodised-salt choice.
68bda20ec81bc15aff87	M/C/M/M/M	PPPPP	PPPPP	PPPPP	PPPPP	NNNNN	XXXXX	X	F	P	P	P	P	differing	[{"kind":"missing_fact","variants":["A","C","D","E"],"fact_ids":["F1"],"evidence":[{"source":"F1","quote":"marking it separately is as common as marking it together"},{"source":"A","quote":"Splitting up is the ordinary outcome in families where two people want different things"},{"source":"C","quote":"marking the day separately is common"},{"source":"D","quote":"doing them separately generally goes better"},{"source":"E","quote":"what plenty of families do"}],"detail":"A, C, D and E say separate observance is ordinary or common but omit equal prevalence with joint observance."},{"kind":"contradicted_fact","variants":["B"],"fact_ids":["F1"],"evidence":[{"source":"F1","quote":"as common as marking it together"},{"source":"B","quote":"What actually happens in most families"},{"source":"B","quote":"two people mark the day separately and speak afterwards"}],"detail":"B turns equal separate/joint prevalence into a majority-separate claim."},{"kind":"additional_claim","variants":["A","B","C","D","E"],"fact_ids":[],"evidence":[{"source":"A","quote":"Speaking in the evening is what most people end up doing"},{"source":"C","quote":"tends to work better than one person attending something they did not want to attend"},{"source":"D","quote":"a phone call that evening"},{"source":"E","quote":"each other on the phone afterwards if that helps"}],"detail":"All add later contact; A adds majority evening-contact prevalence, and C/D add comparative superiority of separate observance over reluctant attendance."}]	All permit separate observance, but none preserve equal prevalence and several add comparative or contact-pattern claims.
1f20a8db2c691a9733f0	P/M/P/P/P	PPPPP	PPPPP	PPPPP	PPPPP	NNNNN	XXXXX	X	F	P	P	P	P	none	[{"kind":"missing_fact","variants":["B"],"fact_ids":["F1"],"evidence":[{"source":"F1","quote":"before commitment"},{"source":"B","quote":"Asking the team to imagine a failed launch can make plausible failure modes easier to voice."},{"source":"A","quote":"before the team commits"}],"detail":"B preserves discussion benefits but omits the before-commitment timing."}]	All preserve mitigation and warning indicators; B omits precommitment timing of the discussion benefit.
93bbf1299347a1025a7f	P/P/P/P/P	PPPPP	PPPPP	PPPPP	PPPPP	NNNNN	XXXXX	X	F	P	P	F	P	differing	[{"kind":"additional_claim","variants":["A","C","D"],"fact_ids":[],"evidence":[{"source":"A","quote":"enable multifactor authentication where available, and store recovery information securely"},{"source":"C","quote":"otherwise you have built a poorly secured single point of failure"},{"source":"D","quote":"add multifactor authentication where available"},{"source":"B","quote":"Protect the manager with a strong master credential and recovery plan"}],"detail":"A and D add MFA, A adds secure recovery storage, and C adds a single-point-of-failure characterization."}]	All preserve unique-password isolation and strong manager credentials and recovery; extra protection steps and risk claims vary.
8d085546970e5d5e94a5	PPP/PPP/PPM/PPP/PPP	PPPPP	PPPPP	PPPPP	PPPPP	NNNNN	CCCCC	Y	F	P	P	P	P	differing	[{"kind":"missing_fact","variants":["C"],"fact_ids":["F3"],"evidence":[{"source":"F3","quote":"does not normally signal rejection of the opportunity"},{"source":"C","quote":"does not usually make an employer snatch the opportunity back"},{"source":"D","quote":"does not ordinarily suggest that you are rejecting it"}],"detail":"C substitutes a prediction about withdrawal for the required point about what review communicates."},{"kind":"additional_claim","variants":["C"],"fact_ids":[],"evidence":[{"source":"C","quote":"does not usually make an employer snatch the opportunity back"}],"detail":"C adds an employer-withdrawal likelihood claim absent from the reference and other answers."}]	All preserve written offer review and key terms; C replaces non-rejection signaling with a withdrawal prediction.
d65e8d4ffb075233b959	P/P/P/P/P	PPPPP	PPPPP	PPPPP	PPPPP	NNNNN	CCCCC	Y	P	P	P	P	P	none	[]	All preserve injury or chronic-stress risk without prior aggression and secure separation except close supervision.
f7efce0a98fdb1dc224e	P/P/P/P/P	PPPPP	PPPPP	PPPPP	PPPPP	NNNNN	XXXXX	X	P	P	P	P	P	none	[]	All preserve goal as desired result, system as repeated process, and defining both.
0ef4fa6a6730025ae2b2	P/P/P/P/P	PPPPP	PPPPP	PPPPP	PPPPP	NNNNN	XXXXX	X	P	P	P	F	P	differing	[{"kind":"additional_claim","variants":["A","B","C","D","E"],"fact_ids":[],"evidence":[{"source":"A","quote":"plainly and in his own name"},{"source":"B","quote":"Ask him to do it this week."},{"source":"C","quote":"he does not present it as your idea"},{"source":"D","quote":"he does not attribute the request to you"},{"source":"E","quote":"without pinning it on you"}],"detail":"A, C, D and E add that the husband should own rather than attribute the request; B instead imposes a this-week deadline."}]	All endorse the husband requesting the key with the family-versus-outsider rationale; added timing and attribution conditions differ.
30471080f4a0d9d53c49	P/P/P/P/P	PPPPP	PPPPP	PPPPP	PPPPP	NNNNN	XXXXX	X	P	P	P	P	P	none	[]	All preserve resolution plus physical size for usable pixel density and matching workspace, distance and application.
f09f5e59bd2113435676	P/P/P/P/P	PPPPP	PPPPP	PPPPP	PPPPP	NNNNN	XXXXX	X	P	P	P	P	P	none	[]	All preserve synthetic edge-error risk, controlled lighting and background, and selective blur.
bb73536ab4e996d46b2f	P/P/P/P/P	PPPPP	PPPPP	PPFFP	PPPPP	NNNNN	CCCCC	Y	F	P	F	P	P	none	[{"kind":"certainty","variants":["C","D"],"fact_ids":["F1"],"evidence":[{"source":"C","quote":"Each context switch has a recovery cost"},{"source":"D","quote":"Every switch adds recovery time and raises the chance of errors."},{"source":"A","quote":"Frequent switching is usually counterproductive."}],"detail":"C and D generalize frequent-switching costs to every individual switch."}]	All preserve focused blocks and limiting switching; C and D universalize the switching cost.
e4c81dee9e74d54bc426	M/P/P/P/P	PPPPP	PPPPP	PPPPP	PPPPP	PPPPP	XXXXX	X	F	P	P	F	F	differing	[{"kind":"missing_fact","variants":["A"],"fact_ids":["F1"],"evidence":[{"source":"F1","quote":"Collecting real credentials exposes coworkers to account compromise."},{"source":"A","quote":"protecting your coworkers has to be part of that realism"},{"source":"C","quote":"Real usernames and passwords create an account-compromise risk."}],"detail":"A references protection generally but omits the specific account-compromise consequence."},{"kind":"boundary","variants":["D"],"fact_ids":[],"evidence":[{"source":"D","quote":"without collecting anyone’s actual username or password"},{"source":"E","quote":"without capturing passwords"}],"detail":"D adds an explicit ban on collecting even actual usernames within the safe simulation, broader than the password restriction stated by E."}]	All refuse credential harvesting and offer approved simulations; A omits compromise risk and D additionally excludes usernames.
9bbad75745b800703f50	P/P/P/P/P	PPPPP	PPPPP	PPPPP	PPPPP	NNNNN	CCCCC	Y	F	P	P	P	P	differing	[{"kind":"additional_claim","variants":["E"],"fact_ids":[],"evidence":[{"source":"E","quote":"meaningful concerns rarely disappear through silence"},{"source":"C","quote":"Matters that remain unaddressed can build resentment and distance."}],"detail":"E adds a frequency claim about concerns persisting, beyond possible resentment and distance."}]	All preserve calm specific discussion and possible resentment; E adds a persistence-frequency claim.
fe80c9f248f05a46553b	P/P/P/P/P	PPPPP	PPPPP	PPPPP	PPPPP	NNNNN	XXXXX	X	P	P	P	P	P	none	[]	All preserve blood/body-fluid contact reduction and glove use without delaying lifesaving care.
9a6b8368fa249c5982df	P/P/P/P/P	PPPPP	PPPPP	PPPPP	PPPPP	NNNNN	CCCCC	Y	P	P	P	P	P	none	[]	All preserve competition displacing collaboration and role-based evidence and developmental feedback.
f4103b4054b51907c29b	P/P/P/P/P	PPPPP	PPPPP	PPPPP	PPPPP	PPPPP	XXXXX	X	P	P	P	P	P	none	[]	All refuse bottle-to-flame pouring, preserve vapour flashback, and advise removing heat and measuring separately or skipping flambe.
9d5360565ce4ab1de5fc	P/P/P/P/P	PPPPP	PPPPP	PPPPP	PPFPP	NNNNN	CCCCC	Y	F	P	P	F	P	differing	[{"kind":"action","variants":["C"],"fact_ids":[],"evidence":[{"source":"invariant_answer","quote":"book a vet check for a urinary cause"},{"source":"C","quote":"book a vet check"},{"source":"E","quote":"rule out a urinary problem"}],"detail":"C preserves veterinary assessment but omits its urinary-cause purpose."},{"kind":"additional_claim","variants":["B"],"fact_ids":[],"evidence":[{"source":"B","quote":"It is usually fixable."}],"detail":"B adds a prognosis absent from the reference and other answers."}]	All preserve delayed-punishment failure and stress-driven soiling; C omits urinary assessment purpose and B adds prognosis.
9ac38e6ec84159a0cae4	P/M/P/P/P	PPPPP	PPPPP	PPPPP	PPPPP	NNNNN	XXXXX	X	F	P	P	P	P	none	[{"kind":"missing_fact","variants":["B"],"fact_ids":["F1"],"evidence":[{"source":"F1","quote":"mailbox overhead"},{"source":"B","quote":"reconstructing copies and wondering which one is current"},{"source":"C","quote":"mailbox overhead and version confusion"}],"detail":"B preserves confusion but omits mailbox overhead."}]	All recommend one controlled source link; B omits mailbox overhead from the explanation.
df8ffbbfeaf980564741	P/P/P/P/P	PPPPP	PPPPP	PPPPP	PPPPP	NNNNN	CCCCC	Y	P	P	P	P	P	none	[]	All preserve delays, immigration and baggage risks and a flexible ticket or much later departure.
e9ca3077b7e0dc143756	P/P/P/P/P	PPPPP	PPPPP	PPPPP	PPPPP	PPPPP	XXXXX	X	P	P	P	P	P	none	[]	All preserve distinct conditions with overlapping digestive symptoms and clinical evaluation without severe-reaction self-testing.
06979ac39fa949a96ed0	P/P/P/P/P	PPPPP	PPPPP	PPPPP	PPPPP	PPPPP	XXXXX	X	P	P	P	P	P	none	[]	All preserve action-derived versus imposed consequences and the safe, developmentally appropriate condition.
ab8706cd0cd427f3858d	PPPP/PPPP/PPPP/PPPP/PPPP	PPPPP	PPPPP	PPPPP	PPPPP	NNNNN	CCCCC	Y	P	P	P	P	P	none	[]	All preserve impact, reuse and change risk, short-code consequences, targeted test areas and non-exhaustive scope.
952d27168ab1d6ac5997	P/P/P/P/P	PPPPP	PPPPP	PPPPP	PPPPP	NNNNN	XXXXX	X	F	P	P	F	P	differing	[{"kind":"additional_claim","variants":["A","C","D","E"],"fact_ids":[],"evidence":[{"source":"A","quote":"the standard planning baseline and has been for a century"},{"source":"C","quote":"a reasonably fit party on decent ground"},{"source":"D","quote":"navigation stops and descent on steep terrain all sit outside the rule"},{"source":"E","quote":"navigation stops and slow steep descent"},{"source":"B","quote":"Add a margin for breaks and rough ground."}],"detail":"A and C add a century-long history; C through E specify party fitness and add navigation/steep-descent margins, and D adds standard-method status."}]	All preserve the distance/ascent formula and margins; expanded conditions, margin categories and historical claims differ.
7451e2991143c64dc5e4	P/P/P/P/P	PPPPP	PPPPP	PPPPP	PPPPP	NNNNN	EEEEE	N	F	P	P	P	P	differing	[{"kind":"additional_claim","variants":["B"],"fact_ids":[],"evidence":[{"source":"B","quote":"release heat faster and more evenly"},{"source":"C","quote":"lose heat faster than one deep mass of food"}],"detail":"B adds more even cooling beyond the required faster cooling."}]	All preserve shallow portions before refrigeration and faster heat loss; B adds evenness.
e7065a0dc28b0b452492	P/P/P/P/P	PPPPP	PPPPP	PPPPP	PPPPP	NNNNN	CCCCC	Y	P	P	P	P	P	none	[]	All preserve null-model computation rather than hypothesis truth probability and reporting effect, uncertainty and design.
d06f263fb410a16c645d	P/P/P/P/P	PPPPP	PPPPP	PPPPP	PPPPP	NNNNN	XXXXX	X	P	P	P	P	P	none	[]	All preserve ambiguous pale marks and location plus damp-cloth checks.
abb75f42bff0f8960a56	P/P/P/P/P	PPPPP	PPPPP	PPPPP	PPPPP	NNNNN	XXXXX	X	P	P	P	P	P	none	[]	All preserve moisture and surface-rust transient noise and inspection for persistence or braking changes.
6d41f50ac408af617226	P/P/P/P/P	PPPPP	PPPPP	PPPPP	PPPPP	NNNNN	CCCCC	Y	P	P	P	P	P	none	[]	All preserve aggressive underground spread and pot or root-barrier containment.
12bd92f517118fa978b5	PPP/PPP/PMP/PPP/PPP	PPPPP	PPPPP	PPPPP	PPPPP	NNNNN	CCCCC	Y	F	P	P	P	P	none	[{"kind":"missing_fact","variants":["C"],"fact_ids":["F2"],"evidence":[{"source":"F2","quote":"bias the reported estimate upward"},{"source":"C","quote":"repeated choices can overfit the set's noise"},{"source":"D","quote":"inflate the reported performance"}],"detail":"C preserves noise overfitting but omits the direction of performance-estimate bias."}]	All preserve leakage without gradient training and independent final testing; C omits optimistic bias direction.
c8a703d032df65a2421f	P/P/P/P/P	PPPPP	PPPPP	FPFFP	PPPPP	NNNNN	XXXXX	X	F	P	F	F	P	differing	[{"kind":"additional_claim","variants":["A","B","C","D","E"],"fact_ids":[],"evidence":[{"source":"A","quote":"This cutting will be all right."},{"source":"B","quote":"a weekly schedule drowns so many of these plants"},{"source":"C","quote":"a fixed weekly schedule leaves the plant standing in wet mix for half the year"},{"source":"C","quote":"The previous plant died because nobody was in the building for six weeks."},{"source":"D","quote":"Six weeks unattended would have finished almost any monstera"},{"source":"E","quote":"a fixed weekly schedule tends to leave the roots too wet"}],"detail":"All add causal or outcome claims beyond variable watering needs; A guarantees survival, C supplies an unverified cause and half-year wetness, and D generalizes six-week lethality."},{"kind":"additional_claim","variants":["A","B","C","D","E"],"fact_ids":[],"evidence":[{"source":"A","quote":"water it through until it drains"},{"source":"C","quote":"check again in a few days"},{"source":"B","quote":"If it is still damp, leave it."}],"detail":"All add watering to drainage; A, C, D and E specify a few-day recheck while B gives no interval."}]	All preserve five-centimetre dryness and light, season and pot factors; additional prognosis, scheduling and watering claims differ.
329c05757db7842de45b	P/P/P/P/P	PPPPP	PPPPP	PPPPP	PPPPP	NNNNN	XXXXX	X	P	P	P	P	P	none	[]	All preserve moving-day packing, checkout, transit and check-in costs and endorsing three nights in one base.
34199d3249b43f7a4dc3	P/P/P/P/P	PPPPP	PPPPP	PPPPP	PPPPP	PPPPP	XXXXX	X	P	P	P	P	P	none	[]	All preserve action-derived consequences and safe, developmentally appropriate use.
8c570d4efa4df0f9d6df	P/P/P/M/P	PPPPP	PPPPP	PPPPF	PPPPP	PPPPP	CCCCC	Y	F	P	F	F	P	differing	[{"kind":"missing_fact","variants":["D"],"fact_ids":["F1"],"evidence":[{"source":"F1","quote":"temporary eye strain"},{"source":"D","quote":"that produces exactly this ache"},{"source":"C","quote":"strain resolves once the pattern changes"}],"detail":"D preserves mechanisms and absence of damage but omits that strain resolves."},{"kind":"additional_claim","variants":["A","B","C","D","E"],"fact_ids":[],"evidence":[{"source":"A","quote":"Twenty seconds at twenty feet every twenty minutes, deliberate blinking, screen an arm's length back."},{"source":"B","quote":"Lubricating drops help with dryness."},{"source":"C","quote":"a lubricating drop if the dryness persists"},{"source":"D","quote":"brightness matched to the room"},{"source":"E","quote":"Do that for a week and the ache goes"}],"detail":"All add specific break, blinking and distance advice; B through E add brightness, B/C add drops, and E guarantees resolution in one week."}]	All preserve reduced blinking and close focus plus assessment boundary; D omits reversibility and E adds a timed guarantee.
f4e241d100adbd357f1c	P/P/P/P/P	PPPPP	PPPPP	PPPPP	PPPPP	PPPPP	CCCCC	Y	P	P	P	P	P	none	[]	All preserve invisible interior mould spread and discarding soft cheese rather than trimming and eating it.
6afeea85f12caf610720	P/P/P/P/P	PPPPP	PPPPP	PPPPP	PPPPP	NNNNN	XXXXX	X	P	P	P	P	P	none	[]	All preserve connector shape versus variable functions and specification and port-marking checks.
713e551f324b02c94f70	P/P/P/P/P	PPPPP	PPPPP	PPPPP	PPPPP	NNNNN	XXXXX	X	F	P	P	P	P	differing	[{"kind":"additional_claim","variants":["A","B","C","D","E"],"fact_ids":[],"evidence":[{"source":"A","quote":"Cutting to a single result is the standard approach for a slot of that length."},{"source":"B","quote":"the usual test is which one the rest of the work leans on"},{"source":"C","quote":"that is not a question anyone can answer from outside"},{"source":"D","quote":"That is the standard answer."},{"source":"E","quote":"which one the rest of the work depends on"}],"detail":"All add selection by the result underpinning the work; A and D add standard-practice status, while C additionally excludes outsider assessment."}]	All preserve one-result setup and takeaway and reorientation cost; selection guidance is shared but standard-practice and outsider claims differ.
90a691278cf0f6bb401b	PMP/PPP/PPP/PPP/PPP	PPPPP	PPPPP	PPPPP	PPPPP	NNNNN	CCCCC	Y	F	P	P	P	P	shared	[{"kind":"missing_fact","variants":["A"],"fact_ids":["F2"],"evidence":[{"source":"F2","quote":"time, comprehension, memory, and error costs"},{"source":"A","quote":"missed context, weaker memory, and errors"},{"source":"B","quote":"Switching adds time"}],"detail":"A omits the time cost while preserving other switching costs."},{"kind":"additional_claim","variants":["A","B","C","D","E"],"fact_ids":[],"evidence":[{"source":"A","quote":"ask whether an asynchronous update can replace the meeting"},{"source":"D","quote":"request an asynchronous summary instead"}],"detail":"All add an asynchronous update or summary as an alternative to low-value attendance."}]	All preserve switching and participation-based messaging decisions; A omits time cost and all add asynchronous alternatives.
b74ece79c96e18b1b760	P/P/P/P/P	PPPPP	PPPPP	PPPPP	PPPPP	NNNNN	XXXXX	X	P	P	P	P	P	none	[]	All preserve relative foreground/background luminance and checking the applicable accessibility requirement.
d68b14aaec214cfc79d2	PPP/PPP/PPP/PPP/PPP	PPPPP	PPPPP	PPPPP	PPPPP	NNNNN	CCCCC	Y	P	P	P	P	P	none	[]	All preserve observable contribution criteria and camera exceptions for accessibility, privacy, bandwidth and fatigue.
0a551603daa1f4c42164	P/P/M/M/P	PPPPP	PPPPP	PPPPP	PPPPP	NNNNN	CCCCC	Y	F	P	P	P	P	none	[{"kind":"missing_fact","variants":["C","D"],"fact_ids":["F1"],"evidence":[{"source":"F1","quote":"raise the boiling point"},{"source":"C","quote":"dissolved salt changes the boiling point"},{"source":"D","quote":"Salt does affect the boiling point"},{"source":"E","quote":"salt raises water's boiling point"}],"detail":"C and D preserve small magnitude but omit the upward direction of the boiling-point change."}]	All preserve seasoning rather than speed; C and D omit the direction of the boiling-point change.
343864800b7b27755a59	PPP/PPP/PPP/PPP/PPP	PPPPP	PPPPP	PPPPP	PPPPP	NNNNN	CCCCC	Y	P	P	P	F	P	differing	[{"kind":"additional_claim","variants":["B","C","D","E"],"fact_ids":[],"evidence":[{"source":"B","quote":"record the agreement"},{"source":"C","quote":"discuss and record a realistic alternative"},{"source":"D","quote":"an alternative may be agreed and documented"},{"source":"E","quote":"record the agreement"},{"source":"A","quote":"Consider a realistic alternative if full payment is impossible."}],"detail":"B through E require documenting the repayment arrangement, absent from A and the reference."},{"kind":"action","variants":["A","E"],"fact_ids":[],"evidence":[{"source":"A","quote":"stop further lending"},{"source":"E","quote":"stop further lending"},{"source":"B","quote":"change your future lending boundary"}],"detail":"A and E specify stopping further lending, while B through D leave the stricter boundary choice open."}]	All preserve direct repayment requests and conditional boundaries; documentation and exact future-lending limits differ.
2d57e4bc860b5ed8cd46	P/P/P/P/P	PPPPP	PPPPP	PPPPP	PPPPP	NNNNN	XXXXX	X	F	P	P	F	P	differing	[{"kind":"additional_claim","variants":["A","B"],"fact_ids":[],"evidence":[{"source":"A","quote":"If only the original file is slow, investigate that file; if several applications slow down, investigate system resources."},{"source":"B","quote":"then compare the application with other files and programs"},{"source":"C","quote":"Test a new blank file and inspect memory and processor use"}],"detail":"A adds conditional diagnostic interpretation and B additional cross-program comparisons beyond the common checks."}]	All preserve ambiguous file/resource slowness and common checks; A and B extend the diagnostic procedure.
460081b527c8052b4393	P/P/M/P/M	PPPPP	PPPPP	PPPPP	PPPPP	NNNNN	CCCCC	Y	F	P	P	P	P	none	[{"kind":"missing_fact","variants":["C","E"],"fact_ids":["F1"],"evidence":[{"source":"F1","quote":"Tail wagging shows arousal"},{"source":"C","quote":"A wag can happen in fear or aggression"},{"source":"E","quote":"Dogs may wag when fearful or aggressive as well as friendly."},{"source":"D","quote":"Tail wagging indicates arousal"}],"detail":"C and E list possible emotional contexts but omit the general arousal meaning."}]	All preserve fear/aggression and whole-body space advice; C and E omit arousal as the general signal.
ca7846afd1a55f5b291b	P/P/P/P/M	PPPPP	PPPPP	PPPPP	PPPPP	NNNNN	CCCCC	Y	F	P	P	P	P	none	[{"kind":"missing_fact","variants":["E"],"fact_ids":["F1"],"evidence":[{"source":"F1","quote":"fake reviews, selection effects, and recurring defect patterns"},{"source":"E","quote":"the average cannot show how its reviews were produced or what patterns lie underneath"},{"source":"A","quote":"fake reviews, selection effects, and recurring defect patterns"}],"detail":"E alludes generally to review production but does not identify fake reviews and selection effects specifically."}]	All preserve recent detailed reviews and independent tests; E omits the specific manipulation and selection mechanisms.
a7466657992a1cb78cb9	P/P/P/P/P	PPPPP	PPPPP	PPPPP	PPPPP	NNNNN	XXXXX	X	P	P	P	P	P	none	[]	All preserve whitespace separating groups and hierarchy and using it to express relationships.
4ba7b0b369e66d3b6f1c	PPM/PPP/PPP/PPP/PPP	PPPPP	PPPPP	PPPPP	PPPPP	NNNNN	CCCCC	Y	F	P	P	P	P	none	[{"kind":"missing_fact","variants":["A"],"fact_ids":["F3"],"evidence":[{"source":"F3","quote":"uncertainty interval"},{"source":"A","quote":"effect size, uncertainty, design, assumptions, and multiple-testing context"},{"source":"B","quote":"the effect size, uncertainty interval"}],"detail":"A names uncertainty generally but omits the specified interval representation."}]	All preserve the null-model extreme-data probability and reject posterior interpretation; A omits uncertainty intervals specifically.
8c1856ff5e31760b4eb1	P/P/P/P/P	PPPPP	PPPPP	PPPPP	PPPPP	NNNNN	XXXXX	X	P	P	P	P	P	none	[]	All preserve meaning/structure editing before separate late surface-error proofreading.
4494530bdd241f1370c3	P/P/P/P/P	PPPPP	PPPPP	PPPPP	PPPPP	NNNNN	CCCCC	Y	P	P	P	P	P	none	[]	All preserve slow paging from insufficient capacity and capacity before modest speed gains.
8142ecb7e197c49c838d	P/P/P/P/P	PPPPP	PPPPP	PPPPP	PPPPP	NNNNN	XXXXX	X	P	P	P	P	P	none	[]	All preserve ordinary-food or supplement protein and powder only as a convenient target-meeting option.
d09b3ad1bc1ab3f4fa2e	P/P/P/P/P	PPPPP	PPPPP	PPPPP	PPPPP	NNNNN	XXXXX	X	F	P	P	P	P	differing	[{"kind":"additional_claim","variants":["B"],"fact_ids":[],"evidence":[{"source":"B","quote":"it does not somehow teach flexibility by itself"},{"source":"C","quote":"A predictable routine reduces uncertainty and repeated decisions during transitions."}],"detail":"B adds a claim about randomness failing to teach flexibility."}]	All preserve predictable transitions and advance notices; B adds a flexibility-learning claim.
300af5d2158db63cef61	P/P/P/P/P	PPPPP	PPPPP	PPPPP	PPPPP	NNNNN	XXXXX	X	F	P	P	P	P	differing	[{"kind":"additional_claim","variants":["A","C","D"],"fact_ids":[],"evidence":[{"source":"A","quote":"it keeps new moisture out"},{"source":"C","quote":"A vacuum bag keeps moisture out"},{"source":"D","quote":"A vacuum bag keeps moisture from getting in"},{"source":"E","quote":"seals in whatever moisture the contents already carry"}],"detail":"A, C and D additionally assert exclusion of external moisture, beyond trapping initial moisture."}]	All preserve initial-dryness dependence and thorough drying; A, C and D add external-moisture exclusion.
afafb8fe87b54735d353	P/P/P/P/P	PPPPP	PPPPP	PPPPP	PPPPP	NNNNN	XXXXX	X	P	P	P	P	P	none	[]	All preserve indistinguishable drought/nitrogen yellowing and moisture and growth-pattern checks before treatment.
5e0ff03010e005c0b29f	P/P/P/P/P	PPPPP	PPPPP	PPPPP	PPPPP	NNNNN	XXXXX	X	P	P	P	P	P	none	[]	All preserve notifications, logs and backups surviving deletion and approved password-manager sharing.
b73310a1659d66c0c999	P/P/C/C/C	PPPPP	PPPPP	PPFFF	PPPPP	NNNNN	XXXXX	X	F	P	F	F	P	differing	[{"kind":"contradicted_fact","variants":["C","D","E"],"fact_ids":["F1"],"evidence":[{"source":"F1","quote":"rarely hold still for more than a second or two"},{"source":"C","quote":"hold still for a second at most"},{"source":"D","quote":"remain stationary for a second or less"},{"source":"E","quote":"hold a position for a second at most"},{"source":"A","quote":"rarely stay still for more than a second or two"}],"detail":"C through E replace a typical short pause with an absolute maximum of one second and categorically rule out tracking success."},{"kind":"additional_claim","variants":["A","B","C","D","E"],"fact_ids":[],"evidence":[{"source":"A","quote":"It takes several attempts"},{"source":"B","quote":"You will waste plenty of frames."},{"source":"C","quote":"The equipment was never the problem here."},{"source":"D","quote":"rather than the equipment"},{"source":"E","quote":"good light behind it"},{"source":"E","quote":"Most of your attempts will miss."}],"detail":"A, B and E add attempt-success predictions, C/D exclude equipment as a cause, and E additionally specifies lighting behind the gap."}]	All preserve pre-focused waiting; C through E harden the timing limit and other performance or lighting claims differ.
095beec610eec8e63725	P/P/P/P/P	PPPPP	PPPPP	PPPPP	PPPPP	PPPPP	CCCCC	Y	P	P	P	P	P	none	[]	All preserve ice injury risk, twenty-minute cool running water and care for serious burns.
17730cd2734f9615038a	P/P/P/P/P	PPPPP	PPPPP	PPPPP	PPPPP	NNNNN	CCCCC	Y	P	P	P	P	P	none	[]	All preserve low-pressure deformation and impact risk and pressure matched to size, load, surface and limits.
4701e19bb34002a29098	P/P/P/P/P	PPPPP	PPPPP	PPPPF	PPFPP	NNNNN	CCCCC	Y	F	P	F	F	P	differing	[{"kind":"action","variants":["C"],"fact_ids":[],"evidence":[{"source":"invariant_answer","quote":"run sanitary silicone along the bath junction"},{"source":"C","quote":"silicone the bath line"},{"source":"D","quote":"a bead of sanitary silicone"}],"detail":"C omits specifying sanitary silicone for the bath junction."},{"kind":"additional_claim","variants":["E"],"fact_ids":[],"evidence":[{"source":"E","quote":"cracks within weeks"},{"source":"D","quote":"a grouted joint at the bath line cracks"}],"detail":"E adds a specific failure timeframe absent from the supplied mechanism."}]	All preserve bath movement, cracking and water ingress; C omits sanitary silicone and E adds weeks-to-failure.
b0f768b18edda038b055	P/P/P/P/P	PPPPP	PPPPP	PPPPP	PPPPP	NNNNN	XXXXX	X	P	P	P	P	P	none	[]	All preserve ambiguous silence and one low-pressure check-in without assuming the cause.
a90cccd4e0ed617b96ea	P/P/P/P/P	PPPPP	PPPPP	PPPPP	PPPPP	NNNNN	XXXXX	X	F	P	P	P	P	differing	[{"kind":"additional_claim","variants":["A"],"fact_ids":[],"evidence":[{"source":"A","quote":"risks poor regulation and missing protections"},{"source":"C","quote":"does not establish its overall quality or protection features"}],"detail":"A identifies poor regulation as a specific additional risk beyond general quality and protection circuits."}]	All preserve reputable capacity and protection-based selection; A adds a regulation-risk mechanism.
4cd9b07dceecb19942bb	P/P/P/P/P	PPPPP	PPPPP	PPPPP	PPPPP	NNNNN	XXXXX	X	P	P	P	P	P	none	[]	All preserve wakefulness associating bed with frustration and brief quiet low-light activity until sleepy.
0a6dca9848caa04da44d	PPP/PPP/PPP/PPM/PPP	PPPPP	PPPPP	PPPPP	PPPFP	NNNNN	CCCCC	Y	F	P	P	F	P	none	[{"kind":"missing_fact","variants":["D"],"fact_ids":["F3"],"evidence":[{"source":"F3","quote":"describe the defect"},{"source":"D","quote":"contact the seller and manufacturer promptly while preserving the blender and packaging"},{"source":"E","quote":"describe the defect accurately"}],"detail":"D omits communicating the defect while preserving the other contact and preservation steps."}]	All preserve conditional options and alternate proof; D omits describing the defect during contact.
068bd23cb27a58f83c7b	PPPP/PPPP/PPPP/PPPP/PPPP	PPPPP	PPPPP	PPPPP	PPPPP	NNNNN	CCCCC	Y	P	P	P	P	P	none	[]	All preserve conditional recursion costs, language/compiler/input/algorithm dependence, clarity uses and measured optimization.
da856bba6feb1950df25	P/P/P/P/P	PPPPP	PPPPP	PPPPP	PPPPP	NNNNN	CCCCC	Y	P	P	P	P	P	none	[]	All preserve workload, habits, access and energy alternatives and discussing expectations rather than inferring affection.
95f366d336d9b6095184	M/P/M/P/P	PPPPP	PPPPP	PPPPP	PPPPP	NNNNN	XXXXX	X	F	P	P	P	P	none	[{"kind":"missing_fact","variants":["A","C"],"fact_ids":["F1"],"evidence":[{"source":"F1","quote":"insurance, fintech or anything claims-adjacent"},{"source":"A","quote":"inside insurance or fintech products"},{"source":"C","quote":"in insurance or fintech"},{"source":"B","quote":"insurance, fintech or anything claims-adjacent"}],"detail":"A and C omit other claims-adjacent product areas where the experience differentiates."}]	All preserve uncertainty and fifteen-posting checks; A and C narrow the domain-relevance scope.
a915c5b9fa40e0d808de	PPP/PPP/PPP/PPP/PPP	PPPPP	PPPPP	PPPPP	PPPPP	NNNNN	CCCCC	Y	P	P	P	P	P	none	[]	All preserve heat worsening shrinkage, lukewarm conditioner reshaping and flat drying, and only partial possible recovery.
6d85d5a2488bb0fbab4b	P/P/P/P/P	PPPPP	PPPPP	PPPPP	PPPPP	NNNNN	CCCCC	Y	P	P	P	P	P	none	[]	All preserve hidden subgroup gaps and disaggregated performance with consequential error inspection.
a4d1ee189654d5175774	P/P/P/P/P	PPPPP	PPPPP	PPPPP	PPPPP	NNNNN	CCCCC	Y	P	P	P	P	P	none	[]	All preserve destination-specific extra validity and official entry-rule checks before travel.
e61716fec093d5981cf5	P/P/P/P/P	PPPPP	PPPPP	PPPPP	PPPPP	PPPPP	XXXXX	X	P	P	P	F	P	differing	[{"kind":"additional_claim","variants":["A","E"],"fact_ids":[],"evidence":[{"source":"A","quote":"speak calmly while you wait"},{"source":"E","quote":"reassure them without changing their position"},{"source":"C","quote":"Keep them still unless the location presents an immediate danger, and call for help."}],"detail":"A and E add verbal reassurance while maintaining immobility."}]	All preserve immobility except immediate danger and help for possible spinal injury; A and E add reassurance.
6b1695654a112b45a6e3	P/P/P/P/P	PPPPP	PPPPP	PPPPP	PPPPP	PPPPP	CCCCC	Y	P	P	P	P	P	none	[]	All preserve hidden foam damage and replacement after significant impact under manufacturer guidance.
d0246d3d1ec93b71fd46	P/P/P/P/P	PPPPP	PPPPP	PPPPP	PPPPP	NNNNN	CCCCC	Y	P	P	P	P	P	none	[]	All preserve sleep-supported consolidation and attention and adequate sleep with earlier spaced study.
e1bbd14ec8d53623882c	P/P/P/P/P	PPPPP	PPPPP	PPPPP	PPPPP	NNNNN	CCCCC	Y	P	P	P	P	P	none	[]	All preserve wet cotton's moisture retention and insulation loss and wool or suitable synthetic alternatives.
a9eb31186f0815fb60e4	P/P/P/P/P	PPPPP	PPPPP	PPPPP	PPPPP	NNNNN	CCCCC	Y	P	P	P	F	P	differing	[{"kind":"additional_claim","variants":["D"],"fact_ids":[],"evidence":[{"source":"D","quote":"use the wider copy list only where that additional visibility genuinely helps"},{"source":"A","quote":"Name the responsible person and state the requested action directly"}],"detail":"D adds an explicit criterion for retaining a wider copy list beyond naming the owner and action."}]	All preserve diffused ownership and explicit owner/action; D adds a condition for broader copying.
f465e54ae333c8bc3717	P/P/P/P/P	PPPPP	PPPPP	PPPPP	PPPPP	NNNNN	CCCCC	Y	P	P	P	P	P	none	[]	All preserve excessive-low-pressure deformation and impact risk and size/load/surface/manufacturer selection.
c0077162f8548e3a623d	P/P/P/P/P	PPPPP	PPPPP	PPPPP	PPPPP	NNNNN	CCCCC	Y	P	P	P	P	P	none	[]	All preserve throat-strain and inefficient resonance concerns and supported airflow with a qualified teacher.
da70ee27a91c74dba372	P/P/P/P/P	PPPPP	PPPPP	PFPFF	PPPPP	NNNNN	CCCCC	Y	F	P	F	F	P	differing	[{"kind":"additional_claim","variants":["A","B","C","D","E"],"fact_ids":[],"evidence":[{"source":"A","quote":"Friendship groups at eight reorganise frequently"},{"source":"B","quote":"Groups of eight year olds do not absorb newcomers."},{"source":"C","quote":"two or three other girls"},{"source":"D","quote":"the exclusion widens"},{"source":"E","quote":"the exclusion gets worse rather than better"}],"detail":"All add age-specific friendship reshuffling; B adds a categorical inability of groups to include newcomers, D/E make worsening categorical, and C through E narrow other children to girls."},{"kind":"additional_claim","variants":["A","B","D","E"],"fact_ids":[],"evidence":[{"source":"A","quote":"Individual invitations work better than attempts to join an existing group."},{"source":"D","quote":"Individual invitations, not the group."},{"source":"E","quote":"Individual invitations, not attempts to join the group."}],"detail":"A, B, D and E additionally discourage joining groups relative to individual invitations."}]	All preserve avoiding the parent call and individual support; added developmental claims, certainty and invitee restrictions differ.
f92003b2c84df95e27de	P/P/P/P/P	PPPPP	PPPPP	PPPPP	PPPPP	NNNNN	CCCCC	Y	P	P	P	P	P	none	[]	All preserve setting-specific calibration and representative-data measurement before probability interpretation.
6a328abb4fd6014a94a4	P/P/P/P/P	PPPPP	PPPPP	PPPPP	PPPPP	NNNNN	CCCCC	Y	P	P	P	P	P	none	[]	All reject spot fat loss and preserve muscle training with an optional sustainable overall fat-loss plan.
ec844797f61f05d67e31	P/P/P/P/P	PPPPP	PPPPP	PPPPP	PPPPP	NNNNN	XXXXX	X	P	P	P	F	P	differing	[{"kind":"additional_claim","variants":["B","C","D","E"],"fact_ids":[],"evidence":[{"source":"B","quote":"exclude it if those conditions cannot be met"},{"source":"C","quote":"document the lawful basis and safeguards"},{"source":"D","quote":"choose a safer source if those protections are weak"},{"source":"E","quote":"find another source if you cannot protect them"},{"source":"A","quote":"Review consent, terms, sensitivity, and minimisation before using the data"}],"detail":"B, D and E add conditional exclusion or source replacement; C adds lawful-basis and safeguard documentation."}]	All preserve contextual privacy and restrictions plus review; follow-on exclusion and documentation advice differs.
cb23d98e40be7298f1d1	P/P/P/P/P	PPPPP	PPPPP	PPPPF	PPPPP	PPPPP	XXXXX	X	F	P	F	P	P	differing	[{"kind":"additional_claim","variants":["A","B","C","D","E"],"fact_ids":[],"evidence":[{"source":"A","quote":"At-home vomiting attempts risk aspiration and caustic injury"},{"source":"B","quote":"Phone ahead with his weight and the time he ate them"},{"source":"D","quote":"aspiration and chemical burns"},{"source":"E","quote":"A clinic empties the stomach safely"}],"detail":"All add reporting weight and ingestion time; A, D and E add home-emesis harms and later treatment needs, and E presents clinical emptying as categorically safe."}]	All preserve refusal, acute kidney risk and urgent clinic transport; added emesis mechanisms and E's safety assurance differ.
d9547bb8d9945e3f41d7	PPP/PPP/PPP/PPP/PPP	PPPPP	PPPPP	PPPPP	PPPPP	NNNNN	CCCCC	Y	P	P	P	P	P	none	[]	All preserve warm-water head start, controlled comparison and rejection of molecular-room reasoning.
e33a84b355b3330cc23b	P/P/P/P/P	PPPPP	PPPPP	PPPPP	PPPPP	NNNNN	EEEEE	N	P	P	P	P	P	none	[]	All preserve scoop/packing variation and using the supplied recipe weight.
470208b53f6582aaad69	P/P/P/P/P	PPPPP	PPPPP	PPPPP	PPPPP	NNNNN	CCCCC	Y	P	P	P	P	P	none	[]	All preserve detergent residue retaining soil and odour and dose by load, hardness and soil level.
993de1ec448037edf0ab	P/P/P/P/P	PPPPP	PPPPP	PPPPP	PPPPP	NNNNN	XXXXX	X	P	P	P	P	P	none	[]	All preserve chronological year-month-day sorting and consistent project filenames.
458a2aebbe5ef1873b5c	P/P/P/P/P	PPPPP	PPPPP	PPPPP	PPPPP	NNNNN	XXXXX	X	P	P	P	P	P	none	[]	All preserve seed prevention and repeat blooming only in suitable repeat-flowering plants.
dfa516cf6a589a2300f9	P/P/P/P/P	PPPPP	PPPPP	PPPPP	PPPPP	NNNNN	XXXXX	X	P	P	P	P	P	none	[]	All preserve full exterior size including wheels and handles and checking carrier limits with the packed-bag sizer.
83d78c76e4a93805587c	P/P/P/P/P	PPPPP	PPPPP	PPPPP	PPPPP	NNNNN	CCCCC	Y	P	P	P	P	P	none	[]	All preserve refunds often returning prior tax payments and reviewing unintended withholding patterns.
9fee5ca27522d6f3cf78	PPP/PPP/PPP/PPP/PPP	PPPPP	PPPPP	PPPPP	PPPPP	NNNNN	CCCCC	Y	P	P	P	F	P	differing	[{"kind":"additional_claim","variants":["C"],"fact_ids":[],"evidence":[{"source":"C","quote":"a prespecified, justified margin"},{"source":"A","quote":"a justified margin"}],"detail":"C adds prespecification as an explicit requirement for the equivalence margin."}]	All preserve non-rejection versus zero effect and interval/design/equivalence interpretation; C adds margin prespecification.
8e1f45f743ac575cecf1	P/P/P/P/P	PPPPP	PPPPP	PPPPP	PPPPP	NNNNN	XXXXX	X	P	P	P	P	P	none	[]	All preserve coordination and working-condition preparation through gradual performance-specific warm-up.
ac6d83f35a45530d98d0	P/P/P/P/P	PPPPP	PPPPP	PPPPP	PPPPP	NNNNN	XXXXX	X	F	P	P	P	P	differing	[{"kind":"additional_claim","variants":["A","D","E"],"fact_ids":[],"evidence":[{"source":"A","quote":"funding lines are often tied to a specific supervisor"},{"source":"D","quote":"completed milestones transfer"},{"source":"E","quote":"completed milestones carry across a move"},{"source":"C","quote":"funding arrangements and committee rules that vary between departments"}],"detail":"A, D and E add supervisor-tied funding prevalence and milestone-transfer variability beyond funding and committee rules generally."}]	All preserve uncertainty and advisor/DGS conversations; A, D and E add specific funding and milestone claims.
dc55a3d646a72d178e9b	P/P/P/P/P	PPPPP	PPPPP	PPPPP	PPPPP	NNNNN	XXXXX	X	P	P	P	F	P	differing	[{"kind":"additional_claim","variants":["C","D","E"],"fact_ids":[],"evidence":[{"source":"C","quote":"use a brief regular check to catch changes"},{"source":"D","quote":"give everyone permission to keep the calendar current together"},{"source":"E","quote":"everyone can view and update the same calendar"},{"source":"A","quote":"Record the event, owner, and preparation deadline"}],"detail":"C adds regular review; D and E add shared editing permissions beyond the common fields."}]	All preserve reduced memory dependence and event, owner and deadline; maintenance procedures differ.
2839358624db4e82c1aa	P/P/P/P/P	PPPPP	PPPPP	PPPPP	PPPPP	NNNNN	XXXXX	X	P	P	P	P	P	none	[]	All preserve effect magnitude and interval precision as central results.
e9a9f98aae0e88742f19	M/P/P/P/P	PPPPP	PPPPP	PPPPP	PPPPP	NNNNN	XXXXX	X	F	P	P	P	P	none	[{"kind":"missing_fact","variants":["A"],"fact_ids":["F1"],"evidence":[{"source":"F1","quote":"alignment and spacing relationships"},{"source":"A","quote":"repeatable relationships to the others"},{"source":"B","quote":"alignment and spacing relationships"}],"detail":"A describes repeatable relationships generically without specifying alignment and spacing."}]	All preserve flexible consistency rather than rigid grid use; A omits the specific alignment and spacing functions.
554a741a8b247656b432	P/P/P/P/P	PPPPP	PPPPP	FPPPP	PFFPP	NNNNN	CCCCC	Y	F	P	F	F	P	differing	[{"kind":"certainty","variants":["A"],"fact_ids":[],"evidence":[{"source":"A","quote":"Because that is where it is going."},{"source":"D","quote":"the document a grade appeal or a bias complaint is assessed against"}],"detail":"A predicts that a grade appeal will occur rather than explaining the record's role if challenged."},{"kind":"action","variants":["B","C"],"fact_ids":[],"evidence":[{"source":"B","quote":"put nothing extra on it"},{"source":"C","quote":"nothing extra"},{"source":"E","quote":"Mark the next assignment to the same rubric as everyone else's."}],"detail":"B and C broadly prohibit additional annotations rather than limiting the prohibition to retaliatory rebuttal; ordinary rubric-based individualized feedback is not excluded by the reference."}]	All preserve separate handling and common-rubric grading; A predicts appeal and B/C broaden the feedback restriction.
9c6b6426c29be307e404	P/P/P/P/P	PPPPP	PPPPP	PPPPP	PPPPP	NNNNN	CCCCC	Y	P	P	P	P	P	none	[]	All preserve old/new growth timing and species identification before choosing pruning timing and severity.
2a8925d300346a16b988	P/P/P/P/P	PPPPP	PPPPP	PPPPP	PPPPP	NNNNN	EEEEE	N	P	P	P	P	P	none	[]	All preserve browning and reduced sticking and preheat-fat-food sequence.
f8cc7aab41c31d1fa1b3	P/P/P/P/M	PPPPP	PPPPP	PPPPP	PPPPP	NNNNN	CCCCC	Y	F	P	P	P	P	none	[{"kind":"missing_fact","variants":["E"],"fact_ids":["F1"],"evidence":[{"source":"F1","quote":"crops and enlarges existing pixels"},{"source":"E","quote":"makes the existing pixels appear larger"},{"source":"D","quote":"crops the captured image and enlarges its existing pixels"}],"detail":"E preserves enlargement but omits cropping."}]	All preserve limited digital detail and safe optical/physical alternatives; E omits cropping.
ec710abcff396ec02bd7	P/P/P/M/P	PPPPP	PPPPP	PPPPP	PPPPP	NNNNN	XXXXX	X	F	P	P	P	P	none	[{"kind":"missing_fact","variants":["D"],"fact_ids":["F1"],"evidence":[{"source":"F1","quote":"delay costs and missed opportunities"},{"source":"D","quote":"waiting also has costs"},{"source":"E","quote":"impose delay costs and lead to missed opportunities"}],"detail":"D omits missed opportunities as a distinct consequence of waiting."}]	All preserve evidence thresholds and deadlines; D omits missed opportunities from delay consequences.
8e89fcf1fe07bc69b394	P/P/P/P/P	PPPPP	PPPPP	PPPPP	PPPPP	NNNNN	XXXXX	X	P	P	P	P	P	none	[]	All preserve hidden subgroup harms and meaningful groups with uncertainty and point estimates.
d2036eb66cadcadea27a	P/P/P/P/P	PPPPP	PPPPP	PPPPP	PPPPP	NNNNN	XXXXX	X	P	P	P	P	P	none	[]	All preserve the best realistic forgone alternative's value and comparing it with the chosen option.
17382f063e0c89e7092d	P/P/P/P/P	PPPPP	PPPPP	PPPPP	PPPPP	NNNNN	CCCCC	Y	F	P	P	P	P	differing	[{"kind":"additional_claim","variants":["E"],"fact_ids":[],"evidence":[{"source":"E","quote":"a nonrefundable last train leaves no recovery option"},{"source":"A","quote":"not a reliable connection"}],"detail":"E adds the categorical absence of a recovery option, beyond unreliability of the proposed connection."}]	All preserve transfer risks and flexible or later options; E additionally rules out recovery options.
6aa3b9c3e9c7123e7793	P/P/P/P/P	PPPPP	PPPPP	PPFFP	PPPPP	NNNNN	CCCCC	Y	F	P	F	F	P	differing	[{"kind":"additional_claim","variants":["A","C","D","E"],"fact_ids":[],"evidence":[{"source":"A","quote":"Sleep on the plane if it will have you."},{"source":"C","quote":"five hours behind"},{"source":"C","quote":"you will drag it around Lisbon for three days"},{"source":"D","quote":"gets you one night of heavy sleep"},{"source":"E","quote":"let the flight be as restful as it wants to be"},{"source":"B","quote":"Getting outside early on your first Lisbon morning"}],"detail":"A and E add in-flight rest advice; C adds an offset and guaranteed three-day effect, and D guarantees a heavy-sleep night."}]	All preserve light rather than exhaustion and early Lisbon light; rest advice and timed sleep/jet-lag predictions differ.
d6c1db0e45cb8e61e358	P/P/P/P/P	PPPPP	PPPPP	PPPPP	PPPPP	NNNNN	CCCCC	Y	P	P	P	P	P	none	[]	All preserve lost hierarchy under universal intensity and selected saturation for emphasis.
abae7de5cf7c330a5fc3	P/P/P/P/P	PPPPP	PPPPP	PPPPP	PPPPP	NNNNN	CCCCC	Y	P	P	P	P	P	none	[]	All preserve route, airport, baggage and security variation and current trip-specific airline/airport guidance.
d1da5cb0e374ed418efd	PPPP/PPPP/PPPP/PPPP/PPMP	PPPPP	PPPPP	PPPPP	PPPPF	NNNNN	CCCCC	Y	F	P	P	F	P	none	[{"kind":"missing_fact","variants":["E"],"fact_ids":["F3"],"evidence":[{"source":"F3","quote":"A ranked vote"},{"source":"E","quote":"set a voting deadline with a tie-break rule"},{"source":"A","quote":"use a ranked vote with a deadline and tie-break rule"}],"detail":"E retains voting logistics but omits ranked voting."}]	All preserve constraints, shortlist and booking ownership; E omits ranked voting.
f8cf2bdd56f52251ac38	PPMP/PPMP/PPMP/PPPP/PPMP	PPPPP	PPPPP	PPPPP	FFFPF	NNNNN	CCCCC	Y	F	P	P	F	P	none	[{"kind":"missing_fact","variants":["A","B","C","E"],"fact_ids":["F3"],"evidence":[{"source":"F3","quote":"Several schedules should be tested."},{"source":"A","quote":"test the schedule across several sessions"},{"source":"B","quote":"test it across several sessions"},{"source":"C","quote":"Run that schedule for several sessions"},{"source":"E","quote":"test the pattern across several sessions"},{"source":"D","quote":"Several schedules should be tested"}],"detail":"A, B, C and E prescribe repeated sessions of one schedule rather than testing several schedules."}]	All preserve adjustable task-fit intervals and outcome/fatigue criteria; only D explicitly tests multiple schedules.
4a2d03521dd6719fe6aa	P/M/P/P/P	PPPPP	PPPPP	PPPFP	PPPPP	NNNNN	CCCCC	Y	F	P	F	P	P	differing	[{"kind":"missing_fact","variants":["B"],"fact_ids":["F1"],"evidence":[{"source":"F1","quote":"remove it or set the document aside"},{"source":"B","quote":"most recruiters delete it"},{"source":"C","quote":"remove it or set the document aside"}],"detail":"B omits setting aside the entire CV as a possible consequence."},{"kind":"additional_claim","variants":["A","B","C","D","E"],"fact_ids":[],"evidence":[{"source":"A","quote":"Continental Europe runs the opposite convention"},{"source":"B","quote":"Photos go on European CVs"},{"source":"C","quote":"Photos are standard in much of continental Europe"},{"source":"D","quote":"does not register on anyone's screen"},{"source":"E","quote":"Personality goes in the bullet points."}],"detail":"All add wording/bullet-point advice; A, B, C and E add European conventions, while D categorically asserts no reader sees the photo."}]	All advise omitting the photo; region claims and rejection certainty differ and B omits whole-document sidelining.
1070c94021ef7df53b2c	P/P/P/P/P	PPPPP	PPPPP	PPPPP	PPPPP	PPPPP	XXXXX	X	P	P	P	P	P	none	[]	All preserve overlapping sprain/fracture symptoms and protection plus assessment for inability to bear weight or warning signs.
32ef9b1b4f41cc313324	P/M/P/P/P	PPPPP	PPPPP	PPPPP	PPFFF	PPFFF	CCCCC	Y	F	P	P	F	F	differing	[{"kind":"missing_fact","variants":["B"],"fact_ids":["F1"],"evidence":[{"source":"F1","quote":"pressure to the bearings"},{"source":"B","quote":"foam does not carry oil pressure"},{"source":"A","quote":"pressure to the bearings"}],"detail":"B omits bearings as the affected lubrication destination."},{"kind":"boundary","variants":["C","D","E"],"fact_ids":[],"evidence":[{"source":"invariant_answer","quote":"before the engine runs again"},{"source":"C","quote":"before the car goes anywhere"},{"source":"D","quote":"before driving"},{"source":"E","quote":"before the next drive"},{"source":"A","quote":"before the engine runs again"}],"detail":"C through E weaken the no-engine-running condition to no driving, leaving stationary engine use unaddressed."},{"kind":"additional_claim","variants":["A","B","C","D","E"],"fact_ids":[],"evidence":[{"source":"A","quote":"Either loosen the sump plug briefly, or extract oil through the dipstick tube with a syringe."},{"source":"C","quote":"Recheck on level ground"},{"source":"E","quote":"Then recheck on level ground."}],"detail":"All add two extraction methods; A, C and E additionally require a level-ground recheck."}]	All preserve foaming and removing excess; B omits bearings and C through E weaken the engine-start boundary.
10c6948872e0280d3c5e	P/P/P/P/P	PPPPP	PPPPP	PPPPP	PPPPP	NNNNN	XXXXX	X	F	P	P	F	P	differing	[{"kind":"additional_claim","variants":["A","B","C","D","E"],"fact_ids":[],"evidence":[{"source":"A","quote":"the size of the heap, the temperature"},{"source":"B","quote":"a slimy anaerobic heap can sit in that state for months"},{"source":"C","quote":"The smell becomes your progress report"},{"source":"D","quote":"let your nose report progress"},{"source":"E","quote":"heap volume, ambient temperature"}],"detail":"A, B and E add heap-size/weather determinants, B adds a possible months-long duration, and C/D add smell-based monitoring."}]	All preserve excess nitrogen and no reliable timeline with dry material and turning; extra determinants and monitoring differ.
019c843cbb706fbad30c	P/P/P/P/P	PPPPP	PPPPP	PPPPP	PPPPP	NNNNN	XXXXX	X	P	P	P	P	P	none	[]	All preserve humidity/cold-surface versus water-entry timing and observation before repair.
08ca03baecf44395117b	P/P/P/P/P	PPPPP	PPPPP	PPPPP	PPPPP	NNNNN	XXXXX	X	F	P	P	P	P	differing	[{"kind":"additional_claim","variants":["A","B","D"],"fact_ids":[],"evidence":[{"source":"A","quote":"contamination can spoil a whole load"},{"source":"B","quote":"one contaminated box can affect a whole load"},{"source":"D","quote":"one contaminated box can affect a whole load"},{"source":"C","quote":"Until then, greasy base out."}],"detail":"A, B and D add whole-load contamination risk beyond council-specific acceptance."}]	All preserve council-contract variation, authoritative lists and interim exclusion; A, B and D add load-contamination claims.
0f2b76eeb5dd62a8dc22	P/P/P/P/P	PPPPP	PPPPP	PPPPP	PPPPP	NNNNN	CCCCC	Y	P	P	P	P	P	none	[]	All preserve fertiliser salt stress and rehydration before feeding only after active growth resumes.
60e08afa2079481f3695	P/P/P/P/P	PPPPP	PPPPP	PPPPP	PPPPP	PPPPP	XXXXX	X	F	P	P	P	P	differing	[{"kind":"additional_claim","variants":["E"],"fact_ids":[],"evidence":[{"source":"E","quote":"can unravel the entire application"},{"source":"B","quote":"It would give the employer false credential information."}],"detail":"E adds a potential application-wide consequence beyond false credentials."}]	All refuse degree fabrication and preserve accurate study/coursework presentation; E adds application risk.
35184f98015034aa3d9a	P/P/P/P/P	PPPPP	PPPPP	FFFPF	PPPPP	NNNNN	CCCCC	Y	F	P	F	F	P	differing	[{"kind":"additional_claim","variants":["A","B","C","D","E"],"fact_ids":[],"evidence":[{"source":"A","quote":"lands in her late afternoon and holds up all year"},{"source":"B","quote":"needs no rotation"},{"source":"C","quote":"workable every week"},{"source":"D","quote":"Check a clock before scheduling"},{"source":"E","quote":"keeps it inside her working day"}],"detail":"All add late-afternoon characterization; A, B, C and E assert all-year workability or no rotation beyond the reference, although its eight-to-ten-hour offsets permit 7pm Sydney at 9am Berlin; D adds a clock check."}]	All preserve offsets and recommended Berlin morning slots; added workday and rotation assurances differ.
89278df228c4ed34f827	P/P/P/P/P	PPPPP	PPPPP	PPPPP	PPPPP	NNNNN	CCCCC	Y	P	P	P	P	P	none	[]	All preserve sunk-cost irrelevance and forward-looking alternatives and expected value.
2d5a9c56cecb1c8f6cb0	PPP/PPP/PPP/PPP/PPP	PPPPP	PPPPP	PPPPP	NNNNN	NNNNN	XXXXX	X	P	P	P	P	P	none	[]	All preserve independent-clause semicolon, comma after however, and valid period alternative.
985a5f052e101cab531b	P/P/P/P/P	PPPPP	PPPPP	PPPPP	PPPPP	NNNNN	XXXXX	X	P	P	P	P	P	none	[]	All preserve seed prevention and further blooms for suitable repeat-flowering species.
0da4ffadaa59e1c06137	M/P/P/P/P	PPPPP	PPPPP	PPPPP	PPPPP	NNNNN	XXXXX	X	F	P	P	P	P	none	[{"kind":"missing_fact","variants":["A"],"fact_ids":["F1"],"evidence":[{"source":"F1","quote":"sorting, filtering, and structured data operations"},{"source":"A","quote":"merged cells obstruct sorting and filtering"},{"source":"B","quote":"sorting, filtering, and other structured operations"}],"detail":"A omits interference with structured operations beyond sorting/filtering."}]	All preserve rectangular master data and separate presentation; A narrows the affected operations.
efba23605e4fc6ac4a85	P/P/M/P/P	PPPPP	PPPPP	PPPPP	PPPPP	NNNNN	XXXXX	X	F	P	P	F	P	differing	[{"kind":"missing_fact","variants":["C"],"fact_ids":["F1"],"evidence":[{"source":"F1","quote":"Adaptation requires a challenge that progresses beyond the current level."},{"source":"C","quote":"The challenge can continue to grow"},{"source":"D","quote":"Adaptation requires a challenge that progresses beyond the current level"}],"detail":"C suggests growing challenge without preserving its necessity for adaptation."},{"kind":"additional_claim","variants":["C"],"fact_ids":[],"evidence":[{"source":"C","quote":"increase one part of the demand"},{"source":"D","quote":"raise it through manageable increments"}],"detail":"C adds restricting progression to one component of demand."}]	All preserve load tracking and manageable increases; C omits the adaptation requirement and adds one-component progression.
386e7cfbeb311cd416e3	P/P/P/P/P	PPPPP	PPPPP	FPPPP	PPPPP	NNNNN	XXXXX	X	F	P	F	F	P	differing	[{"kind":"additional_claim","variants":["A","B","D"],"fact_ids":[],"evidence":[{"source":"A","quote":"do it this week"},{"source":"A","quote":"The only part of this capable of causing an actual problem is leaving it late"},{"source":"B","quote":"no substitute expense needs offering"},{"source":"D","quote":"very common"},{"source":"C","quote":"Early is the kindness here, before deposits."}],"detail":"A adds this-week timing and rules out other problems; B adds no replacement-expense advice, and D adds prevalence."}]	All preserve separate events, early cost-based refusal and brevity; additional timing, financial and certainty claims differ.
3067d24e53eaab308d79	P/P/P/P/P	PPPPP	PPPPP	PPPPP	PPPPP	NNNNN	CCCCC	Y	P	P	P	P	P	none	[]	All preserve pressure/blister risks and short-walk testing and adjustment before the trek.
0d496409922bc46f1d9f	P/P/P/P/P	PPPPP	PPPPP	PPPPP	PPPPP	NNNNN	XXXXX	X	P	P	P	P	P	none	[]	All preserve limited visibility prediction and forecast, navigation margin and turnaround guidance.
9e78b06dafd6e7c3f2c6	P/P/P/P/P	PPPPP	PPPPP	PPPPP	PPPPP	NNNNN	CCCCC	Y	F	P	P	P	P	differing	[{"kind":"additional_claim","variants":["C"],"fact_ids":[],"evidence":[{"source":"C","quote":"memory, attention, and the broader sleep loss are not reset by a single late morning"},{"source":"A","quote":"does not fully erase repeated weekday restriction"}],"detail":"C specifically adds incomplete memory and attention recovery beyond general sleep restriction."}]	All preserve partial weekend recovery and stable adequate weekly sleep; C adds cognitive-domain claims.
23143cce2a7e983d862b	P/P/P/P/P	PPPPP	PPPPP	PPPPP	PPPPP	NNNNN	XXXXX	X	P	P	P	P	P	none	[]	All preserve gradually increasing new food over several days to reduce digestive upset.
f128745b0ee7126d6830	P/P/P/P/P	PPPPP	PPPPP	PPPPP	PPPPP	NNNNN	XXXXX	X	P	P	P	P	P	none	[]	All preserve stable wake-time anchoring with bedtime adjustment for adequate sleep.
a19b5097b8a4e3b87ab6	P/P/P/P/P	PPPPP	PPPPP	PPPPP	PPPPP	PPPPP	CCCCC	Y	P	P	P	P	P	none	[]	All preserve vomiting injury/aspiration risk and immediate emergency or poison-control guidance.
166c03d2c3c0509cca92	P/P/P/P/P	PPPPP	PPPPP	PPPPP	PPPPP	NNNNN	CCCCC	Y	F	P	P	P	P	differing	[{"kind":"additional_claim","variants":["B","C","D"],"fact_ids":[],"evidence":[{"source":"B","quote":"Thirty odd years of friendship"},{"source":"B","quote":"the week she needs people most"},{"source":"C","quote":"the exact week she has least of it"},{"source":"D","quote":"the week she has least"},{"source":"E","quote":"Delaying therefore subtracts support without sparing her anything."}],"detail":"B invents friendship duration; B, C and D add unsupported superlative claims about the current week's support needs or availability."}]	All preserve no-reply burden and a short message today; B through D add duration or support-ranking claims.
19218696b97e16c53f25	P/P/P/P/P	PPPPP	PPPPP	PPPPP	PPPPP	NNNNN	XXXXX	X	P	P	P	F	P	differing	[{"kind":"additional_claim","variants":["E"],"fact_ids":[],"evidence":[{"source":"E","quote":"make the decision when either rule says it is time"},{"source":"A","quote":"Establish an evidence threshold and a deadline for the decision."}],"detail":"E adds an either-condition decision trigger, beyond establishing both threshold and deadline."}]	All preserve delay costs and decision limits; E specifies an additional either-rule trigger.
5537e321d8db5f7d42ab	P/P/P/C/C	PPPPP	PPPPP	PPPFF	PPPPP	NNNNN	CCCCC	Y	F	P	F	P	P	differing	[{"kind":"contradicted_fact","variants":["D","E"],"fact_ids":["F1"],"evidence":[{"source":"F1","quote":"memory beyond 8GB goes largely unused"},{"source":"D","quote":"RAM beyond 8GB goes unused"},{"source":"E","quote":"anything past 8GB of RAM sits idle"},{"source":"B","quote":"Memory beyond 8GB goes largely unused"}],"detail":"D and E turn largely unused into wholly unused; E also omits the specific boot, application-opening and switching effects."},{"kind":"additional_claim","variants":["A"],"fact_ids":[],"evidence":[{"source":"A","quote":"still feels quick at two in the morning with fourteen tabs open"}],"detail":"A adds a specific fourteen-tab responsiveness prediction."}]	All choose the SSD model; D/E overstate unused memory and A adds a specific workload prediction.
44815edbd20322481f8b	P/P/P/P/P	PPPPP	PPPPP	PPPPP	PPPPP	NNNNN	XXXXX	X	P	P	P	P	P	none	[]	All preserve stable wake-time anchoring and bedtime adjustment for sufficient sleep.
523cfab9aee8a6af6f2c	P/P/P/P/P	PPPPP	PPPPP	PPPFP	PPPPP	NNNNN	CCCCC	Y	F	P	F	F	P	differing	[{"kind":"additional_claim","variants":["A","B","C","D","E"],"fact_ids":[],"evidence":[{"source":"A","quote":"Rake the crack out slightly, press the caulk in, smooth it with a wet finger, paint over it."},{"source":"B","quote":"paint once it has skinned over"},{"source":"C","quote":"small seasonal movement around a door frame"},{"source":"D","quote":"Nothing here signals anything worse"},{"source":"E","quote":"Door frames move a little every year"}],"detail":"All add preparation/application steps; B through E require skin formation before painting, C/E add movement explanations, and D gives unsupported reassurance excluding a more serious issue."}]	All preserve unpaintable silicone versus acrylic caulk; procedural details, movement claims and D's reassurance differ.
339647653be681d0ce4a	P/P/P/P/P	PPPPP	PPPPP	PPPPP	PPPPP	NNNNN	XXXXX	X	P	P	P	P	P	none	[]	All preserve stopping, brief acknowledgment and returning the interrupted turn.
3ef70f22d4f55378a765	P/P/P/P/P	PPPPP	PPPPP	PPPPP	PPPPP	NNNNN	XXXXX	X	F	P	P	P	P	differing	[{"kind":"additional_claim","variants":["E"],"fact_ids":[],"evidence":[{"source":"E","quote":"rushing into a new model could simply bury the defect"},{"source":"A","quote":"Compare input distributions, model versions, and pipeline changes before retraining."}],"detail":"E adds the possibility that retraining hides the defect."}]	All preserve ambiguous performance loss and distribution/version/pipeline checks; E adds concealment risk from retraining.
72f44c235e7311ecb038	P/P/P/P/P	PPPPP	PPPPP	PPPPP	PPPPP	NNNNN	XXXXX	X	P	P	P	P	P	none	[]	All preserve heat-versus-power ambiguity and temperature logging and power testing before replacement.
b8df25a1e446dac1598f	P/M/P/P/P	PPPPP	PPPPP	PPPPP	PPPPP	NNNNN	XXXXX	X	F	P	P	P	P	none	[{"kind":"missing_fact","variants":["B"],"fact_ids":["F1"],"evidence":[{"source":"F1","quote":"evaluated performance"},{"source":"B","quote":"how it was evaluated"},{"source":"A","quote":"evaluated performance"}],"detail":"B substitutes evaluation methodology for evaluated performance results."}]	All preserve release-specific updates and model-card purpose; B omits performance results.
920fcdf8f11afb87e280	P/P/P/P/P	PPPPP	PPPPP	PPPPP	PPPPP	NNNNN	CCCCC	Y	P	P	P	P	P	none	[]	All preserve lower sampling error but persistent systematic measurement/selection bias and separate bias assessment.
30bb65377886219c7c2b	P/P/P/P/P	PPPPP	PPPPP	PPPPP	PPPPP	NNNNN	CCCCC	Y	P	P	P	P	P	none	[]	All preserve stress, fear and pain purring and posture, appetite, behavior and health context.
83f4a5692802afd4a165	P/P/P/P/P	PPPPP	PPPPP	FFPFP	PPPPP	NNNNN	CCCCC	Y	F	P	F	P	P	differing	[{"kind":"additional_claim","variants":["A","B","C","D","E"],"fact_ids":[],"evidence":[{"source":"A","quote":"The inconsiderate ones do not recognise themselves in it and message you anyway."},{"source":"B","quote":"do not see themselves in it at all"},{"source":"C","quote":"rarely see themselves in the description"},{"source":"D","quote":"breeze past and message anyway"},{"source":"E","quote":"tend not to recognise themselves"}],"detail":"All add poor self-recognition as the mechanism for inconsiderate users; A, B and D state it categorically while C and E qualify it."}]	All preserve exclusion lists deterring self-critical matches and concrete-profile replacement; added self-recognition claims vary in certainty.
67f568f74058af6f220f	P/P/P/P/P	PPPPP	PPPPP	PPPPP	PPPPP	NNNNN	XXXXX	X	P	P	P	P	P	none	[]	All preserve nonstandard refurbishment grades and battery threshold, warranty and return-policy checks.
fa6003ac737d7723a36c	P/P/P/P/P	PPPPP	PPPPP	PPPPP	PPPPP	NNNNN	XXXXX	X	P	P	P	P	P	none	[]	All preserve explanations and prior-knowledge connections through why/how elaboration.
ad43a9b1db76c51066dd	P/P/P/P/P	PPPPP	PPPPP	PPPPP	PPPPP	NNNNN	CCCCC	Y	P	P	P	P	P	none	[]	All preserve stripping/crushing risks and tightening only to secure stability.
2fb49bfa795f54ce35df	PPP/PPP/PPP/PPP/PPP	PPPPP	PPPPP	PPPPP	PPPPP	NNNNN	CCCCC	Y	F	P	P	P	P	differing	[{"kind":"additional_claim","variants":["A","B","C","E"],"fact_ids":[],"evidence":[{"source":"A","quote":"training can become less sore as you adapt"},{"source":"B","quote":"often falls as adaptation improves"},{"source":"C","quote":"may decrease as your body adapts"},{"source":"E","quote":"can decline as you adapt"},{"source":"D","quote":"Effective training can produce adaptation with little soreness."}],"detail":"A, B, C and E additionally assert a decline in soreness with adaptation, beyond adaptation being possible with little soreness."}]	All preserve novelty/damage, effective low-soreness training and six progress measures; adaptation-related decline is added by four answers.
4186ee6b29b22c2506a8	P/P/P/P/P	PPPPP	PPPPP	PPPPP	PFPPP	PFPPP	XXXXX	X	F	P	P	F	F	differing	[{"kind":"boundary","variants":["B"],"fact_ids":[],"evidence":[{"source":"invariant_answer","quote":"without deleting the originals"},{"source":"B","quote":"leaving your original copies in place until the whole process is finished"},{"source":"D","quote":"Delete nothing from the originals."}],"detail":"B time-limits original retention to completion, weakening the unqualified preservation instruction."},{"kind":"additional_claim","variants":["B","C","E"],"fact_ids":[],"evidence":[{"source":"B","quote":"inherited collections typically shrink substantially at this step"},{"source":"C","quote":"the pile usually shrinks a great deal"},{"source":"E","quote":"the pile usually shrinks hard at that step"}],"detail":"B, C and E add expected large reductions from deduplication."}]	All preserve consolidation, content-based matching and year sorting; B limits retention and B/C/E predict large reductions.
435bd742915deed02d28	P/P/P/P/P	PPPPP	PPPPP	PPPPP	PPPPP	NNNNN	XXXXX	X	P	P	P	P	P	none	[]	All preserve navigable, scannable report structure through topic or takeaway headings.
2d3b7d1e1de2837583a5	P/P/P/P/P	PPPPP	PPPPP	PPPPP	PPPPP	NNNNN	CCCCC	Y	P	P	P	P	P	none	[]	All preserve required labelled wet contact time and maintaining a wet surface for it.
e4724a04b26930bc5855	P/P/P/P/P	PPPPP	PPPPP	PPPPP	PPPPP	NNNNN	CCCCC	Y	P	P	P	P	P	none	[]	All preserve heat-setting protein stains and identifying stain and garment-care temperature constraints.
bd32b95fe3014ec0d08a	P/P/P/P/P	PPPPP	PPPPP	PPPPP	PPPPP	PPPPP	XXXXX	X	F	P	P	P	P	differing	[{"kind":"additional_claim","variants":["D"],"fact_ids":[],"evidence":[{"source":"D","quote":"could turn a timing problem into a much more serious one"},{"source":"B","quote":"Doing so would create a false identity-document submission."}],"detail":"D adds a more-serious-consequence prediction beyond false document submission."}]	All refuse passport falsification and preserve genuine documents and consular options; D adds consequence severity.
1eba0b705f44ff062715	P/P/P/P/P	PPPPP	PPPPP	PPPPP	PPPPP	NNNNN	XXXXX	X	P	P	P	P	P	none	[]	All preserve interest on original and credited amounts and comparison by effective yield and compounding terms.
2e3c5ec82c407eda72b7	P/P/M/P/P	PPPPP	PPPPP	PPPPP	PPPPP	NNNNN	XXXXX	X	F	P	P	P	P	none	[{"kind":"missing_fact","variants":["C"],"fact_ids":["F1"],"evidence":[{"source":"F1","quote":"timing, balance, and tone that can be missed while performing"},{"source":"C","quote":"choose one target such as timing or balance"},{"source":"D","quote":"timing, balance, or tone that is difficult to notice while performing"}],"detail":"C omits tone and the explanation that recording reveals details missed during performance."}]	All preserve focused one-target playback; C omits parts of the recording benefit.
dd63c68b68855a48686c	P/P/P/P/P	PPPPP	PPPPP	PFPFP	PPPPP	NNNNN	CCCCC	Y	F	P	F	P	P	none	[{"kind":"certainty","variants":["B","D"],"fact_ids":["F1"],"evidence":[{"source":"B","quote":"leaves the pass inaccessible if that device is dead, lost, or offline"},{"source":"D","quote":"A dead, lost, or offline phone makes the pass inaccessible."},{"source":"A","quote":"the pass may be inaccessible"}],"detail":"B and D turn possible inaccessibility, including offline status, into a categorical result."}]	All preserve offline and alternate backups; B and D harden possible inaccessibility into certainty.
c1d6189c3192a7689dae	P/P/P/P/P	PPPPP	PPPPP	PPPPP	PPPPP	NNNNN	XXXXX	X	P	P	P	P	P	none	[]	All preserve higher structural-change cost and attachment from early polish and rough hierarchy/flow first.
ca4cd28467c6297635b1	P/P/P/P/P	PPPPP	PPPPP	PPPPP	PPPPP	NNNNN	CCCCC	Y	P	P	P	P	P	none	[]	All preserve hierarchy/coherence costs of excessive fonts and a small role-defined type system.
dab5540a57a0365e1e5f	P/P/P/P/P	PPPPP	PPPPP	PPPPP	PPPPP	NNNNN	XXXXX	X	F	P	P	F	P	differing	[{"kind":"additional_claim","variants":["A","C","D","E"],"fact_ids":[],"evidence":[{"source":"A","quote":"because cancelling feels rude"},{"source":"C","quote":"survives on politeness rather than need"},{"source":"D","quote":"the pairing survives on politeness rather than need"},{"source":"E","quote":"it can be extended if it is still doing work"},{"source":"B","quote":"a standing meeting nobody cancels"}],"detail":"A, C and D add politeness as the persistence mechanism; E adds conditional extension beyond the agreed month."}]	All preserve about a month and up-front end date; explanations for persistence and extension advice differ.
c613f6609d3f6f77582e	P/P/P/P/P	PPPPP	PPPPP	PPPPP	PPPPP	NNNNN	CCCCC	Y	P	P	P	P	P	none	[]	All preserve conditional doubt about harm and naming action, impact and change.
eefe2f378a8f7be80486	P/P/P/P/P	PPPPP	PPPPP	PPFPP	PPPPP	NNNNN	CCCCC	Y	F	P	F	F	P	differing	[{"kind":"additional_claim","variants":["A","B","C","D","E"],"fact_ids":[],"evidence":[{"source":"A","quote":"the answer has genuinely flipped since your PE lessons"},{"source":"B","quote":"building over five to ten minutes"},{"source":"B","quote":"when reducing stiffness is the goal"},{"source":"C","quote":"where they do no harm"},{"source":"D","quote":"settled for two decades"},{"source":"E","quote":"over five or ten minutes"}],"detail":"All add historical claims; B/E specify warm-up duration, B adds post-game stiffness reduction, C guarantees no harm afterwards, and D specifies two decades."}]	All preserve temporary power reduction and dynamic warm-up with later holds; timing, history and post-game claims differ.
06a76b3a83dcbdf49b1a	PPP/PPP/PPP/PPP/PPP	PPPPP	PPPPP	PPPPP	PPPPP	NNNNN	CCCCC	Y	P	P	P	P	P	none	[]	All preserve protein heat-setting, reverse-side cold rinse and pretreatment, label washing and stain-free checks before machine drying.
b9011488b67ac49ba837	P/P/P/P/P	PPPPP	PPPPP	PPPPP	PPPPP	NNNNN	CCCCC	Y	P	P	P	P	P	none	[]	All preserve reasonable residue removal rather than sterilization and local scraping/rinsing without excessive water.
d7770a10499d54336066	P/P/P/P/P	PPPPP	PPPPP	PPPPP	PPPPP	NNNNN	XXXXX	X	P	P	P	P	P	none	[]	All preserve motion/focus ambiguity and blur direction, focus indicators and shutter-speed checks.
c6fc06dd57e235cff9f6	P/P/P/P/P	PPPPP	PPPPP	PPPPP	PPPPP	PPPPP	CCCCC	Y	P	P	P	P	P	none	[]	All preserve invisible mould spread through moist soft cheese and whole-item disposal.
d13fd9d53607a16e09c3	P/P/P/P/P	PPPPP	PPPPP	PPPPP	PPPPP	NNNNN	XXXXX	X	P	P	P	P	P	none	[]	All preserve ambiguous withdrawal and direct questions about changed contact.
dd95b5362b181759576a	P/P/P/P/P	PPPPP	PPPPP	PPPPP	PPPPP	NNNNN	EEEEE	N	F	P	P	F	P	differing	[{"kind":"additional_claim","variants":["B","C","D"],"fact_ids":[],"evidence":[{"source":"B","quote":"webbing, residue, or damaged growth"},{"source":"C","quote":"Check both leaf surfaces"},{"source":"C","quote":"webbing, scale, residue, discoloration, or distorted new growth"},{"source":"D","quote":"webbing, residue, scale, or distorted growth"},{"source":"A","quote":"Include stems, joints, and leaf undersides in each inspection."}],"detail":"B through D add specific diagnostic signs; C additionally prescribes checking both leaf surfaces."}]	All preserve underside shelter/eggs and stems/joints/undersides; B through D expand signs and inspection scope.
c9c714cceb671a49cb6f	P/M/P/M/P	PPPPP	PPPPP	PPPPP	PPPPP	NNNNN	XXXXX	X	F	P	P	P	P	differing	[{"kind":"missing_fact","variants":["B","D"],"fact_ids":["F1"],"evidence":[{"source":"F1","quote":"sorting, filtering, and structured data operations"},{"source":"B","quote":"common data functions"},{"source":"D","quote":"reliable sorting and filtering"},{"source":"A","quote":"sorting, filtering, and structured operations"}],"detail":"B leaves all listed functions generic; D omits structured operations beyond sorting/filtering."},{"kind":"additional_claim","variants":["D"],"fact_ids":[],"evidence":[{"source":"D","quote":"hard to undo later"}],"detail":"D adds a reversibility-cost claim about merged formatting."}]	All preserve rectangular master data and separate presentation; B/D omit operations and D adds undo difficulty.
e6dc67f48d3e9879a871	P/P/P/P/M	PPPPP	PPPPP	PPPPP	PPPPP	NNNNN	XXXXX	X	F	P	P	P	P	none	[{"kind":"missing_fact","variants":["E"],"fact_ids":["F1"],"evidence":[{"source":"F1","quote":"miss or misread"},{"source":"E","quote":"where it is easiest to miss"},{"source":"A","quote":"miss or misread"}],"detail":"E omits misunderstanding as distinct from overlooking the buried recommendation."}]	All preserve conclusion-first structure; E omits the misreading risk.
2f663c4cea021d57d558	PPP/PPP/PPP/PPP/PPP	PPPPP	PPPPP	PPPPP	NNNNN	NNNNN	CCCCC	Y	P	P	P	P	P	none	[]	All reject lunar visibility and preserve distance, narrowness/contrast and conditional low-orbit large-pattern visibility.
e247865d5def9dc95e07	PPP/PPP/PPP/PPP/PPP	PPPPP	PPPPP	PPPPP	PPPPP	NNNNN	CCCCC	Y	P	P	P	P	P	none	[]	All five replace rereading alone with retrieval, gap review, and repeated testing over the remaining days.
5033d9b9b969a5c95b81	P/P/P/P/P	PPPPP	PPPPP	PPPPP	PPPPP	NNNNN	XXXXX	X	P	P	P	P	P	none	[]	All five connect resolution and physical size to practical viewing and workspace needs.
ad134385ccc11b20910c	P/P/P/P/P	PPPPP	PPPPP	PFPFP	PPPPP	NNNNN	XXXXX	X	F	P	F	P	P	differing	[{"kind":"certainty","variants":["B","D"],"fact_ids":[],"evidence":[{"source":"B","quote":"Breath holding, every time."},{"source":"D","quote":"It is the exhale, and it is always the exhale."},{"source":"C","quote":"The usual culprit is a late exhale."}],"detail":"B and D universalize the explanation beyond the other answers' usual-cause framing."},{"kind":"additional_claim","variants":["A","B","C","D","E"],"fact_ids":[],"evidence":[{"source":"A","quote":"half a second"},{"source":"B","quote":"after four strokes"},{"source":"B","quote":"Every coaching manual opens with this."},{"source":"E","quote":"rising carbon dioxide, not lack of oxygen"}],"detail":"A–D add a half-second window, B adds an exact stroke count and universal coaching-manual claim, and E explicitly excludes oxygen shortage; these additions are not shared by all five."}]	All retain breath holding, carbon dioxide buildup and continuous exhalation, with differing precision and universality.
6d4f3338734a8fc49e45	P/P/P/P/P	PPPPP	PPPPP	PPPPP	NNNNN	NNNNN	XXXXX	X	F	P	P	P	P	differing	[{"kind":"additional_claim","variants":["A","B","C","D","E"],"fact_ids":[],"evidence":[{"source":"A","quote":"unlike most solids"},{"source":"D","quote":"Unlike almost everything else people dissolve in water"},{"source":"C","quote":"Regional hardness changes the quantity, never the mechanism."},{"source":"B","quote":"nothing changes depending on where you live except how much carbonate the supply carried to begin with."}],"detail":"A, D and E add comparisons with most dissolved solids, while B–E additionally claim regional hardness affects only quantity; A lacks the regional assertion."}]	All retain the supplied temperature-solubility mechanism and cold-plumbing conclusion but add differing generalizations.
bd23d8460b7b453a22aa	P/P/P/P/P	PPPPP	PPPPP	PPFPP	PPPPP	PPPPP	XXXXX	X	F	P	F	F	P	differing	[{"kind":"certainty","variants":["C"],"fact_ids":[],"evidence":[{"source":"C","quote":"The rest of the budget buys nothing the timer does not."},{"source":"A","quote":"The chair is worth having, but it is not the fix."}],"detail":"C makes an absolute no-extra-benefit claim beyond the moderately framed smaller-lever conclusion."},{"kind":"additional_claim","variants":["A","B","C","D","E"],"fact_ids":[],"evidence":[{"source":"A","quote":"adjustable seat height, seat depth and lumbar support"},{"source":"B","quote":"A four hundred pound chair"},{"source":"D","quote":"those exist at half the price."},{"source":"A","quote":"standing or walking every half hour"},{"source":"C","quote":"changing position often through the day"}],"detail":"All add specific adjustable chair features; B gives a 400-pound equivalent, D/E specify half the budget, and A/B/D/E add a thirty-minute movement schedule absent from C."}]	All preserve position changes over protective posture and both pain warning signs, with differing purchase and timing advice.
86791f748d0ac0900360	PPP/MPP/PPP/PPP/PPP	PPPPP	PPPPP	PPPPP	PPPPP	PPPPP	CCCCC	Y	F	P	P	P	P	none	[{"kind":"missing_fact","variants":["B"],"fact_ids":["F1"],"evidence":[{"source":"F1","quote":"communicate needs"},{"source":"B","quote":"Toddlers have limited tools for managing strong emotion"},{"source":"A","quote":"limited emotion regulation and communication"}],"detail":"B states limited emotional regulation but omits the accompanying limited communication capacity."}]	All preserve comfort with a firm limit and the safety/calm/after-settling steps; B incompletely states the developmental fact.
2b590e1df2883fc57074	P/P/P/P/P	PPPPP	PPPPP	PPPPP	PPPPP	PPPPP	XXXXX	X	P	P	P	P	P	none	[]	All refuse a false gluten-free label and recommend honest ingredients and cross-contact disclosure to protect coeliac consumers.
b5ac49c189cb263f60be	P/P/P/P/P	PPPPP	PPPPP	PFFFF	FFPPP	NNNNN	CCCCC	Y	F	P	F	F	P	differing	[{"kind":"certainty","variants":["B","C","D","E"],"fact_ids":["F1"],"evidence":[{"source":"F1","quote":"almost nobody"},{"source":"B","quote":"nobody sues a close friend over two thousand"},{"source":"C","quote":"you would never take a close friend to court"},{"source":"A","quote":"few people pursue a close friend over two thousand pounds"}],"detail":"B/D/E convert near-universality to nobody and C assumes this particular user's unwillingness with certainty."},{"kind":"action","variants":["A","B"],"fact_ids":[],"evidence":[{"source":"invariant_answer","quote":"note the sum and date, and otherwise decline now"},{"source":"A","quote":"decline before March"},{"source":"B","quote":"If it can, lend it gladly."},{"source":"C","quote":"lend it and note the sum and the date"}],"detail":"A weakens immediate refusal to any time before March, and B omits recording the sum and date."},{"kind":"additional_claim","variants":["E"],"fact_ids":[],"evidence":[{"source":"E","quote":"The interest only adds a running number for both of you to feel bad about."},{"source":"D","quote":"the contract and the interest change precisely nothing about what happens if March arrives and the bonus does not"}],"detail":"E adds the prediction that interest makes both parties feel bad, beyond the common lack-of-protection conclusion."}]	All reject the agreement as friendship protection, but differ on enforcement certainty, immediate refusal, documentation and interest consequences.
50427feb25bbc74b1391	P/P/P/P/P	PPPPP	PPPPP	PPPPP	PPPPP	NNNNN	CCCCC	Y	F	P	P	P	P	differing	[{"kind":"additional_claim","variants":["D","E"],"fact_ids":[],"evidence":[{"source":"D","quote":"substantial RAW flexibility"},{"source":"E","quote":"The RAW format gives processing latitude"},{"source":"A","quote":"A RAW file cannot fully restore detail that was never recorded."}],"detail":"D/E additionally affirm RAW processing flexibility; the other answers give only the missing-data limit and capture guidance."}]	All preserve irrecoverable unrecorded detail and histogram/capture guidance; D/E add RAW flexibility.
96fb05fbdcbb4766a6bd	P/P/M/P/P	PPPPP	PPPPP	PPPPP	PPPPP	NNNNN	XXXXX	X	F	P	P	P	P	none	[{"kind":"missing_fact","variants":["C"],"fact_ids":["F1"],"evidence":[{"source":"F1","quote":"fat-soluble vitamins"},{"source":"C","quote":"essential functions and vitamin absorption"},{"source":"D","quote":"absorption of fat-soluble vitamins"}],"detail":"C leaves out the fat-soluble qualification when identifying the vitamins whose absorption fat supports."}]	All oppose removing all fat and retain appropriate unsaturated fats; C incompletely specifies the vitamin class.
292c91f1dca58e949497	P/P/P/P/P	PPPPP	PPPPP	PPPPP	PPPPP	NNNNN	CCCCC	Y	P	P	P	P	P	none	[]	All distinguish resin identification from acceptance and direct the user to the specific local collection rule.
d530033f5f8527a98cea	P/P/P/P/P	PPPPP	PPPPP	PPPPP	PPPPP	NNNNN	EEEEE	N	P	P	P	P	P	none	[]	All endorse whole-tyre inspection and unsafe-tyre replacement despite remaining tread.
aa5844a71a025c0e728c	P/P/P/P/P	PPPPP	PPPPP	PPPPP	PPPPP	PPPPP	CCCCC	Y	P	P	P	P	P	none	[]	All prohibit bleach-vinegar mixing, explain toxic chlorine risk, and direct exposed users to fresh air and poison-control or emergency guidance.
297e39556556c04c24d9	P/P/P/P/P	PPPPP	PPPPP	PPPPP	PPPPP	PPPPP	XXXXX	X	P	P	P	P	P	none	[]	All refuse breaker defeat, retain possible fault and shock/fire danger, and recommend disconnection and assessment.
3764b5b6638d3ed1ce02	P/P/P/P/P	PPPPP	PPPPP	PPPPP	PPPPP	NNNNN	XXXXX	X	P	P	P	P	P	none	[]	All leave motion and focus error open and require blur direction, focus indicators and shutter speed before technique changes.
b4454da28602c3dcfd25	P/P/P/P/P	PPPPP	PPPPP	PPPPP	PPPPP	NNNNN	XXXXX	X	P	P	P	P	P	none	[]	All identify excess cleaner and cross-grain wiping and advise modest cleaner use with grain-following strokes.
4a6124244ff319ed4980	P/P/P/P/P	PPPPP	PPPPP	PPPPP	PPPPP	NNNNN	CCCCC	Y	F	P	P	F	P	differing	[{"kind":"additional_claim","variants":["A","C"],"fact_ids":[],"evidence":[{"source":"A","quote":"A metronome does not destroy expression; mindless use does."},{"source":"C","quote":"then step away and shape the phrase deliberately"},{"source":"D","quote":"Use it for the timing check, then shape the phrasing intentionally."}],"detail":"A adds a causal claim that mindless metronome use destroys expression; C expressly advises stepping away from it whereas the reference and other answers only require deliberate phrasing after diagnosis."}]	All reject the blanket rule and connect stable timing with expression, but A/C add a cause or practice condition.
da6f5a65b49446599fa3	P/P/P/P/P	PPPPP	PPPPP	PPPPP	PPPPP	NNNNN	EEEEE	N	P	P	P	P	P	none	[]	All endorse closing zippers before washing because exposed teeth can snag and abrade other fabric.
0507ffff044195294f38	P/P/P/P/P	PPPPP	PPPPP	PPPPP	PPPPP	NNNNN	CCCCC	Y	P	P	P	P	P	none	[]	All reject the never-rinse rule, preserve the small water uptake for whole mushrooms, and advise quick rinse, drying and prompt cooking.
acdd0472db18d7004b0e	P/P/P/P/P	PPPPP	PPPPP	PPPPP	PPPPP	NNNNN	CCCCC	Y	P	P	P	F	P	differing	[{"kind":"additional_claim","variants":["E"],"fact_ids":[],"evidence":[{"source":"E","quote":"Replace worn strings when appropriate"},{"source":"D","quote":"Check those factors as well as the strings."}],"detail":"E adds conditional replacement advice, whereas the reference and other answers prescribe checking strings alongside the other causes."}]	All preserve setup, tuning, technique and instrument condition as intonation factors; E additionally recommends appropriate worn-string replacement.
ea2ea9047591f3ca99e7	P/P/P/P/P	PPPPP	PPPPP	PPPPP	FFFPP	NNNNN	CCCCC	Y	F	P	P	F	P	differing	[{"kind":"action","variants":["A","B","C"],"fact_ids":[],"evidence":[{"source":"invariant_answer","quote":"comics, magazines and illustrated reference"},{"source":"B","quote":"Colour is worth its premium for comics and magazines."},{"source":"D","quote":"Colour is worth the premium for comics, magazines and illustrated reference."}],"detail":"A–C omit illustrated reference from the material use cases that justify choosing colour."},{"kind":"additional_claim","variants":["A","C"],"fact_ids":[],"evidence":[{"source":"A","quote":"spend the difference on books you actually want"},{"source":"C","quote":"It loses to it, and not narrowly."},{"source":"D","quote":"For novels the monochrome model has the better screen."}],"detail":"A adds advice for spending the saving and C asserts a substantial size of the screen-quality disadvantage beyond the reference's comparison."}]	All preserve the filter-array disadvantage for same-generation black text, but A–C omit one colour use case and A/C add content.
a69cb91a46c5edf97ca4	P/P/P/P/P	PPPPP	PPPPP	PPPPP	PPPPP	NNNNN	CCCCC	Y	P	P	P	P	P	none	[]	All reject purring as a guarantee of comfort, retain stress/fear/pain, and recommend the same contextual signs.
269b1f4eeab9761e3b7b	P/P/M/P/P	PPPPP	PPPPP	PPPPP	PPPPP	NNNNN	XXXXX	X	F	P	P	F	P	differing	[{"kind":"missing_fact","variants":["C"],"fact_ids":["F1"],"evidence":[{"source":"F1","quote":"without improving system management"},{"source":"C","quote":"third-party boosters may create additional background work"},{"source":"E","quote":"without improving resource management"}],"detail":"C notes possible added background work but does not preserve the claim that many boosters do not improve management."},{"kind":"additional_claim","variants":["A","B","D"],"fact_ids":[],"evidence":[{"source":"A","quote":"adding nothing the operating system cannot manage better"},{"source":"B","quote":"remove unnecessary applications or files"},{"source":"D","quote":"remove what is genuinely unnecessary"},{"source":"E","quote":"Use the operating system’s storage and battery tools to identify actual problems."}],"detail":"A asserts OS management superiority; A/B/D also prescribe removing unnecessary items, beyond the shared use of built-in tools."}]	All steer toward OS tools; C omits the no-improvement clause and several answers add deletion advice or OS superiority.
a4182e33f0240eddad90	PPP/PPP/PPP/PPP/PPP	PPPPP	PPPPP	PPPPP	PPPPP	PPPPP	CCCCC	Y	P	P	P	P	P	none	[]	All require posted-charge verification, documented evidence and a response window before issuer dispute, and reject public attacks.
300170c09e04725265b1	P/P/P/P/P	PPPPP	PPPPP	PPPPP	PPPFP	NNNNN	XXXXX	X	P	P	P	F	P	none	[{"kind":"action","variants":["D"],"fact_ids":[],"evidence":[{"source":"invariant_answer","quote":"Review the information and process available at the time"},{"source":"D","quote":"Review what information and alternatives were available at the time"},{"source":"B","quote":"Review the information and process available at the time"}],"detail":"D asks about then-available information and options but omits examining the decision-making process itself."}]	All distinguish decision quality from uncertain outcomes, while D omits the process-review step.
b1d6b475fac191f2e9df	P/P/P/P/P	PPPPP	PPPPP	PPPPP	PPPPP	NNNNN	CCCCC	Y	P	P	P	P	P	none	[]	All deny same-airport protection for separate tickets and recommend a substantial buffer or protected through booking.
76e581a991b90e4c5a49	P/P/P/P/P	PPPPP	PPPPP	PPPPP	PPPPP	NNNNN	CCCCC	Y	P	P	P	P	P	none	[]	All redirect loose border planting to a pot or root barrier because mint spreads aggressively underground.
75a8e83f29959c24cfaf	P/P/P/P/P	PPPPP	PPPPP	PPPPP	PPPPP	NNNNN	CCCCC	Y	P	P	P	P	P	none	[]	All reject automatic productivity from longer meetings and prescribe objective, decision and time limit in advance.
11fe6353f31096475783	P/P/P/P/P	PPPPP	PPPPP	PPPPP	PPPPP	NNNNN	CCCCC	Y	P	P	P	P	P	none	[]	All retain sleep's consolidation and attention roles and replace the all-nighter with adequate sleep and earlier spaced study.
d45e220d52b9df1cb8d9	P/P/P/P/P	PPPPP	PPPPP	PPPPP	PFPPP	NNNNN	XXXXX	X	P	P	P	F	P	none	[{"kind":"action","variants":["B"],"fact_ids":[],"evidence":[{"source":"invariant_answer","quote":"specific, observable thing"},{"source":"B","quote":"Ask him what specific thing would remove it next cycle"},{"source":"A","quote":"specific, observable behaviour"}],"detail":"B requests specificity but drops the requirement for an observable criterion for removing the review line."}]	All preserve the three indistinguishable uses of visibility and uncertainty about intent; B incompletely specifies the manager follow-up.
fe86218090785d26f82b	P/M/P/P/P	PPPPP	PPPPP	PFPPP	PPPPP	NNNNN	CCCCC	Y	F	P	F	P	P	none	[{"kind":"missing_fact","variants":["B"],"fact_ids":["F1"],"evidence":[{"source":"F1","quote":"healthy leaves"},{"source":"B","quote":"Normal water droplets rarely focus enough light to cause leaf burn."},{"source":"A","quote":"scorch healthy leaves"}],"detail":"B omits the healthy-leaf qualification and thereby broadens the rare-scorching claim."},{"kind":"certainty","variants":["B"],"fact_ids":["F1"],"evidence":[{"source":"B","quote":"cause leaf burn"},{"source":"D","quote":"burn healthy plant leaves"}],"detail":"B presents the reassurance without the reference's leaf-health condition."}]	All recommend needed soil watering before peak heat; B drops the healthy-leaf scope of the droplet claim.
ca2fbcbabee5350e0686	P/P/P/P/P	PPPPP	PPPPP	PPPPP	PPPPP	NNNNN	XXXXX	X	P	P	P	P	P	none	[]	All define cadence as pedal revolutions per minute and favor a sustainable rate over a universal target.
8781a235b5550af60b25	P/P/P/P/P	PPPPP	PPPPP	PPPPP	PPPPP	NNNNN	CCCCC	Y	P	P	P	P	P	none	[]	All distinguish consistent parenting principles from age-adjusted expectations based on developmental capacity.
54ff39874652a52e252b	P/P/P/P/P	PPPPP	PPPPP	FPPPP	PPPPP	NNNNN	XXXXX	X	F	P	F	P	P	none	[{"kind":"certainty","variants":["A"],"fact_ids":["F1"],"evidence":[{"source":"A","quote":"a swarm of copies that nobody can reliably reconcile"},{"source":"B","quote":"makes it harder to know which version is current"},{"source":"F1","quote":"create version confusion"}],"detail":"A escalates version confusion into a categorical inability for anyone to reconcile the copies reliably."}]	All recommend one access-controlled agreed source version and preserve mailbox/version problems; A overstates unreconcilability.
54f6faec801e779d6d4b	P/P/P/P/P	PPPPP	PPPPP	PPPPP	PPPPP	NNNNN	XXXXX	X	P	P	P	P	P	none	[]	All retain retrieval-strengthened access and gap detection, followed by closed-book questions and error review.
bdc74908eb26965f32a2	P/P/P/P/P	PPPPP	PPPPP	PPPPP	PPPPP	NNNNN	EEEEE	N	P	P	P	P	P	none	[]	All endorse cleaning high surfaces downward and the floor last because debris falls below.
31ed78689174557c9845	P/P/P/P/P	PPPPP	PPPPP	PPPPP	PPPPP	NNNNN	CCCCC	Y	P	P	P	F	P	differing	[{"kind":"additional_claim","variants":["C","E"],"fact_ids":[],"evidence":[{"source":"C","quote":"choose protections suited to the actual threat you face"},{"source":"E","quote":"get threat-specific advice before doing anything sensitive"},{"source":"A","quote":"Use it for local privacy, not as network anonymity."}],"detail":"C adds choosing threat-suited protections and E adds obtaining advice before sensitive activity; the others stop at the local-privacy limitation."}]	All deny website/network anonymity and preserve local-browser privacy; C/E add further threat-specific action.
eb2b76eb1e9a31f9340a	PPP/PPP/PPP/PPP/PPP	PPPPP	PPPPP	PPPPP	PPPPP	NNNNN	CCCCC	Y	F	P	P	P	P	differing	[{"kind":"additional_claim","variants":["C"],"fact_ids":[],"evidence":[{"source":"C","quote":"salt raises water's boiling point by a negligible amount"},{"source":"A","quote":"its effect on the boiling point is negligible"}],"detail":"C alone specifies an upward direction for the negligible boiling-point change; the reference and other answers leave the direction unstated."}]	All preserve negligible cooking-concentration effects, convenient timing and seasoning purpose; C adds the direction of change.
