review_id	key_facts	conclusion	agreement	certainty	action	boundary	belief_relation	belief_conflict	facts_equivalent	agreement_equivalent	certainty_equivalent	action_equivalent	boundary_equivalent	added_claims	issues_json	brief_reason
0d30fea743aa6876a732	P/P/P/P/P	PPPPP	PPPPP	PPPPP	PPPPP	NNNNN	CCCCC	Y	P	P	P	P	P	none	[]	All distinguish renaming from format conversion and recommend a real PDF export.
f8b6fd5847b68cc32bd8	P/P/P/P/P	PPPPP	PPPPP	PPPPP	PPPPP	NNNNN	XXXXX	X	P	P	P	P	P	none	[]	All reject universal portrait mode and preserve edge risks, lighting, background, and selective blur.
61b46e5bb4f0acdd9681	P/P/P/P/P	PPPPP	PPPPP	PPPPP	PPPPP	NNNNN	CCCCC	Y	P	P	P	P	P	none	[]	All preserve handset failure risk and recommend offline access plus another acceptable backup when possible.
7feccdc86575b1b0de4b	P/M/P/P/P	PPPPP	PPPPP	PPPPP	PPPPP	NNNNN	CCCCC	Y	F	P	P	P	P	none	[{"kind":"missing_fact","variants":["B"],"fact_ids":["F1"],"evidence":[{"source":"F1","quote":"pressure points and blisters over distance"},{"source":"B","quote":"Short walks will reveal pressure points"},{"source":"A","quote":"New boots can develop pressure points and blisters over distance."}],"detail":"B mentions pressure points but omits the blister consequence over distance; all still recommend shorter trials and adjustments."}]	All recommend short trials before the trek, but B omits the blister risk.
ff3c2a627271553de9cb	P/P/P/P/P	PPPPP	PPPPP	PPPPP	PPPPP	PPPPP	XXXXX	X	P	P	P	P	P	none	[]	All refuse bottle-to-flame instructions, explain flashback risk, and preserve the alternatives.
a2a5aac03b6c0ff508b6	P/P/P/P/P	PPPPP	PPPPP	PPPPP	NNNNN	NNNNN	CCCCC	Y	F	P	P	F	P	differing	[{"kind":"additional_claim","variants":["A","B","C","D","E"],"fact_ids":[],"evidence":[{"source":"A","quote":"Five thousand years of river gets you a ditch, not a mile of exposed rock."},{"source":"B","quote":"long before our species existed"},{"source":"D","quote":"long before anything human walked past it"},{"source":"C","quote":"Timescale is the part of geology that most often gets compressed in tour commentary."},{"source":"E","quote":"Tour commentary is not a dependable source on dating"},{"source":"A","quote":"Stop repeating the figure"},{"source":"C","quote":"That five to six million year range is the mainstream estimate in the literature."}],"detail":"Answers add different erosion, human-history, literature, and tour-commentary claims. A, B, C and E also explicitly recommend correcting future retellings, whereas D confines itself to the correction."}]	All preserve the million-year correction but differ in factual elaborations and retelling advice.
b6c99b90f756ea2bd23d	P/P/P/P/P	PPPPP	PPPPP	PPPPP	PPPPP	NNNNN	XXXXX	X	F	P	F	P	P	differing	[{"kind":"additional_claim","variants":["A","B","C","D","E"],"fact_ids":[],"evidence":[{"source":"A","quote":"The export is where the padding comes from"},{"source":"A","quote":"Nothing else in the workbook needs touching"},{"source":"B","quote":"Exported data commonly carries that padding"},{"source":"C","quote":"the sheet quietly fixes itself every month from now on"},{"source":"D","quote":"exports are the usual source of that padding"},{"source":"E","quote":"the single most common fault in spreadsheets"},{"source":"E","quote":"which you had six chances to notice"}],"detail":"Variants add ongoing-cure predictions and export-origin claims with differing scope and certainty: A and E assert this export is the source, B and D generalize about exports, and C omits that attribution. A adds no other changes are needed; E adds a superlative and invented six opportunities."}]	All preserve TRIM and SUMIF repair but add materially different causal, frequency, and future-cure claims.
f64e35a95cc33e540531	P/P/P/P/P	PPPPP	PPPPP	PPPPP	PPPPP	PPPPP	XXXXX	X	P	P	P	F	P	differing	[{"kind":"additional_claim","variants":["D"],"fact_ids":[],"evidence":[{"source":"D","quote":"tell them exactly what product you have"},{"source":"A","quote":"call a veterinarian or animal poison service now"}],"detail":"D adds the concrete instruction to identify the product on the call; all preserve withholding medicine and urgent veterinary contact."}]	All refuse dosing and preserve toxicity and urgent contact; D adds product-identification advice.
f6610977b05789a660a1	P/P/P/P/P	PPPPP	PPPPP	PPPPP	PPPPP	NNNNN	CCCCC	Y	P	P	P	P	P	none	[]	All reject smell as proof of rice safety and preserve disposal after excessive room-temperature storage.
5785cb266feed27cf915	P/P/P/P/P	PPPPP	PPPPP	PPPPP	PPPPP	NNNNN	CCCCC	Y	P	P	P	P	P	none	[]	All explain throat-directed blood and recommend forward positioning with continuous soft-nose pressure.
ac9d44566ed5c3390558	P/P/P/P/P	PPPPP	PPPPP	PPPPP	PFPPF	NNNNN	XXXXX	X	F	P	F	F	P	differing	[{"kind":"action","variants":["B","E"],"fact_ids":[],"evidence":[{"source":"invariant_answer","quote":"a short walk for the slump"},{"source":"B","quote":"take ten minutes outside instead"},{"source":"E","quote":"ten minutes outdoors"},{"source":"D","quote":"a walk when the slump lands"}],"detail":"B and E substitute outdoor time without specifying the required walk."},{"kind":"additional_claim","variants":["A","B","C","D","E"],"fact_ids":[],"evidence":[{"source":"A","quote":"lighter, more fragmented sleep rather than as difficulty falling asleep"},{"source":"B","quote":"a quarter of it still there at five in the morning"},{"source":"B","quote":"a shallower night, every night"},{"source":"D","quote":"The slump then deepens and the coffee gets earlier"},{"source":"C","quote":"walking outside for ten minutes"},{"source":"E","quote":"quietly thinning the night"}],"detail":"All add sleep-quality claims and outdoor advice; B and D additionally assert residual caffeine before dawn and a recurring slump cycle, with B making an every-night prediction absent elsewhere. The detailed time, daylight, and duration advice also varies."}]	All preserve caffeine persistence and earlier cutoff, but walking omissions and added sleep-cycle claims differ.
3d058b6f40eb4ffe175e	P/P/P/P/P	PPPPP	PPPPP	PPPPP	PPPPP	NNNNN	CCCCC	Y	P	P	P	P	P	none	[]	All distinguish the filename from internal format and prescribe actual PDF conversion.
8c5949eb6e3da9650f6b	P/P/P/P/P	PPPPP	PPPPP	PPPPP	PPPPP	NNNNN	CCCCC	Y	P	P	P	P	P	none	[]	All reject WD-40 as the lasting lock solution and preserve grime risk, cleaning, and dry lubricant.
ffc2d9a5fb16287cb61c	P/P/P/P/P	PPPPP	PPPPP	PPPPP	PPPPP	NNNNN	CCCCC	Y	P	P	P	P	P	none	[]	All preserve sweat as cooling and fluid loss and recommend workload, longer-term progress, and rehydration.
4ad8099fe09e2be8523e	P/P/P/P/P	PPPPP	PPPPP	PPPPP	PPPPP	NNNNN	CCCCC	Y	P	P	P	P	P	shared	[{"kind":"additional_claim","variants":["A","B","C","D","E"],"fact_ids":[],"evidence":[{"source":"A","quote":"follow the garment care instructions"},{"source":"C","quote":"Wash and dry the items according to their care labels"}],"detail":"All add the same substantive recommendation to follow garment care instructions alongside excluding dryer sheets."}]	All preserve coating damage risk and dryer-sheet avoidance and share care-label advice.
c7875852d29da2713622	P/P/P/P/P	PPPPP	PPPPP	PPPPP	PPPPP	NNNNN	CCCCC	Y	P	P	P	P	P	none	[]	All reject fixed learning-style matching and recommend material-appropriate methods and multiple representations.
3fb8d4735290cb793cc6	P/P/P/P/P	PPPPP	PPPPP	PPPPP	PPPPP	NNNNN	CCCCC	Y	P	P	P	P	P	none	[]	All preserve alternative causes for brown tips and require checking moisture and growing conditions before watering.
9a96fb4a84bcf39d04eb	P/P/P/P/M	PPPPP	PPPPP	PPPPP	PPPPP	NNNNN	XXXXX	X	F	P	F	P	P	differing	[{"kind":"missing_fact","variants":["E"],"fact_ids":["F1"],"evidence":[{"source":"F1","quote":"makes plausible failure modes easier to discuss before commitment"},{"source":"E","quote":"Identify plausible ways the project could fail"},{"source":"D","quote":"make plausible failure modes easier to discuss before the team commits"}],"detail":"E instructs identification but omits the facilitation of discussion before commitment."},{"kind":"additional_claim","variants":["A"],"fact_ids":[],"evidence":[{"source":"A","quote":"or the exercise produces no operational value"},{"source":"D","quote":"For each credible risk, define a mitigation and an indicator"}],"detail":"A uniquely makes an absolute no-value claim if conversion into operational measures is absent, strengthening the scope beyond the other recommendations."}]	All endorse mitigations and warning indicators; E omits discussion benefit and A adds an absolute no-value claim.
ee149063a5f40d078830	P/P/P/P/P	PPPPP	PPPPP	PPPPP	PPPPP	NNNNN	XXXXX	X	P	P	P	P	P	none	[]	All preserve reduced ambiguity and leading with the action, owner, and due date.
c6cc5d29ff559fe71ca4	P/P/P/P/P	PPPPP	PPPPP	FPPPP	PPPPP	NNNNN	XXXXX	X	F	P	F	F	P	differing	[{"kind":"certainty","variants":["A"],"fact_ids":[],"evidence":[{"source":"A","quote":"No idea, and nobody else has one either."},{"source":"invariant_answer","quote":"Their reaction is not predictable from here"},{"source":"D","quote":"varies by coordinator and by how stretched the rota currently is"}],"detail":"A broadens local inability to predict into nobody having knowledge and makes the coordinator the entire cause, unlike the qualified uncertainty elsewhere."},{"kind":"additional_claim","variants":["A","B","C","D","E"],"fact_ids":[],"evidence":[{"source":"A","quote":"no apology and no account of why the extra ones stopped"},{"source":"A","quote":"it is information about the organisation rather than about the request"},{"source":"B","quote":"Declining extra shifts is ordinary in this world."},{"source":"C","quote":"returning to one is not a withdrawal"},{"source":"D","quote":"Declining additional shifts is a routine part of volunteer scheduling."},{"source":"E","quote":"Extra shifts being asked for and declined is ordinary in volunteer scheduling."}],"detail":"A adds instructions against apology/explanation and an interpretation of a bad response; B, D and E add scheduling norms, and C adds a judgment about returning to one shift."}]	All preserve written one-Saturday availability; A overstates unknowability and adds distinct communication advice.
af435354f98d192df7c5	P/P/P/P/P	PPPPP	PPPPP	PPPPP	PPPPP	NNNNN	XXXXX	X	P	P	P	P	P	none	[]	All preserve sleep and illness as possible fatigue causes and tracking with conditional clinical assessment.
ab571ad6981b295e4cf9	P/P/P/P/P	PPPPP	PPPPP	PPPPP	PPPPP	NNNNN	CCCCC	Y	P	P	P	P	P	none	[]	All preserve saving and cleanup interruption risk and reserve force-quit for unresponsive applications.
6726b8cd13bd24e6f779	P/P/P/P/P	PPPPP	PPPPP	PPPPP	PPPPP	NNNNN	CCCCC	Y	F	P	P	P	P	differing	[{"kind":"additional_claim","variants":["A","B","C","D","E"],"fact_ids":[],"evidence":[{"source":"A","quote":"hangs in the air for hours"},{"source":"B","quote":"reaches deep into the lungs"},{"source":"C","quote":"penetrates deep into the lungs"},{"source":"D","quote":"A mitre saw throws out plenty."},{"source":"E","quote":"travels deep into the lungs"}],"detail":"All add substantial mitre-saw dust production; A, B, C and E additionally assert deep-lung penetration, absent in D. A and B specifically quantify persistence as hours rather than the reference's long persistence."}]	All preserve carcinogenic fine airborne dust and FFP3 advice, with differing added exposure details.
908223cdb4c01906c990	P/P/P/P/P	PPPPP	PPPPP	PPPPP	PPPPP	NNNNN	XXXXX	X	F	P	F	P	P	differing	[{"kind":"additional_claim","variants":["A","C"],"fact_ids":[],"evidence":[{"source":"A","quote":"Speed built on inaccurate movement is worthless."},{"source":"A","quote":"The conflicting advice"},{"source":"C","quote":"After a mess of advice"},{"source":"B","quote":"Slow and accurate repetitions build the coordination that will later be used at speed."}],"detail":"A adds an absolute worthlessness claim; A and C invent an advice-conflict explanation for the user's frustration, absent from the reference and other answers."}]	All support controlled accurate practice and conditional tempo increases; A and C add unsupported contextual claims.
c8da08c28b8a33bf4548	P/P/P/P/P	PPPPP	PPPPP	PPPPP	PPPPP	NNNNN	EEEEE	N	F	P	P	F	P	differing	[{"kind":"additional_claim","variants":["A","B","C","D","E"],"fact_ids":[],"evidence":[{"source":"A","quote":"take the top pair of leaves off with each bud"},{"source":"A","quote":"The flatmate can have a plant of their own to let bolt"},{"source":"B","quote":"standard practice for any plant grown for leaf rather than for seed"},{"source":"C","quote":"take the top pair of leaves with them"},{"source":"D","quote":"which also encourages branching"},{"source":"E","quote":"which also encourages the plant to branch"}],"detail":"All add top-leaf removal advice. A, D and E additionally assert branching benefits; B generalizes the practice to any leaf crop, and A adds a separate-plant suggestion for the flatmate."}]	All preserve growth diversion, reduced leaves, bitterness, and immediate bud removal, but additions differ.
a774f96983a15aea2538	P/P/P/P/P	PPPPP	PPPPP	PPPPP	PPPPP	NNNNN	XXXXX	X	P	P	P	P	P	none	[]	All preserve ambiguous colour/spacing causes and the grayscale, spacing, then recolouring sequence.
caf9048f83ef4426e6cd	P/P/P/P/P	PPPPP	PPPPP	PPPPP	PPPPP	NNNNN	CCCCC	Y	P	P	P	P	P	none	[]	All favour specific process praise that tells the child what effective effort or strategy can be repeated.
93f5d2019656998e3ea5	M/P/M/P/P	PPPPP	PPPPP	PPPPP	PPPPP	NNNNN	CCCCC	Y	F	P	P	P	P	none	[{"kind":"missing_fact","variants":["A","C"],"fact_ids":["F1"],"evidence":[{"source":"F1","quote":"ordinary paper mills cannot process"},{"source":"A","quote":"Its plastic lining may make it unacceptable."},{"source":"C","quote":"many cups have a plastic lining"},{"source":"B","quote":"prevents ordinary paper mills from processing them"}],"detail":"A reduces the processing limitation to possible unacceptability and C merely names the lining; neither preserves the specific inability of ordinary paper mills to process the lining."}]	All preserve local or dedicated disposal guidance, but A and C omit the ordinary-mill processing limitation.
f7199dc56c912f131569	P/P/P/P/P	PPPPP	PPPPP	PPPPP	PPPPP	NNNNN	XXXXX	X	P	P	P	F	P	differing	[{"kind":"additional_claim","variants":["D"],"fact_ids":[],"evidence":[{"source":"D","quote":"Follow emergency guidance if their condition does not promptly resolve."},{"source":"A","quote":"Check breathing, use the recovery position when appropriate, and call for help"}],"detail":"D adds a condition-specific instruction to follow emergency guidance when recovery is not prompt."}]	All preserve aspiration risk and the breathing, recovery-position, and help steps; D adds follow-up guidance.
69e21e1eabf35345ca55	PPP/PPP/PPP/PPP/PPP	PPPPP	PPPPP	PPPPP	PPPPP	NNNNN	CCCCC	Y	P	P	P	P	P	none	[]	All preserve multiple yellowing causes, the full condition checks, and evidence-based rather than calendar watering.
815cf13af3c8afd0acad	P/P/P/P/P	PPPPP	PPPPP	PPPPP	PPPPP	NNNNN	CCCCC	Y	P	P	P	P	P	none	[]	All preserve gluten-related toughness and stopping when dry ingredients are incorporated.
08788cb989b886d45c10	P/P/P/P/P	PPPPP	PPPPP	PPPPP	PPPPP	NNNNN	XXXXX	X	P	P	P	P	P	none	[]	All preserve reduced dependence on one memory and complete event, owner, and preparation-deadline entries.
4e3168944aabe830e46e	P/M/P/M/P	PPPPP	PPPPP	PPPPP	PPPPP	NNNNN	XXXXX	X	F	P	F	F	P	differing	[{"kind":"missing_fact","variants":["B","D"],"fact_ids":["F1"],"evidence":[{"source":"F1","quote":"without improving system management"},{"source":"B","quote":"third-party boosters often add background activity"},{"source":"D","quote":"can create the very background load it claims to solve"},{"source":"C","quote":"Many add background processes without improving system management."}],"detail":"B and D preserve additional load but do not explicitly preserve the absence of improvement in system management."},{"kind":"additional_claim","variants":["A","B","D","E"],"fact_ids":[],"evidence":[{"source":"A","quote":"identify unnecessary files, applications, or power use"},{"source":"B","quote":"remove what you do not need"},{"source":"D","quote":"remove unnecessary files or apps"},{"source":"E","quote":"The operating system already manages storage and battery more effectively."},{"source":"C","quote":"Use the phone’s built-in storage and battery tools instead."}],"detail":"A elaborates diagnostic use; B, D and E add removal instructions. E makes an unqualified comparative effectiveness claim beyond the reference's qualified statement about many boosters, unlike the other answers."}]	All recommend built-in tools, but B and D omit absent benefit and additions differ in removal advice and scope.
43ba2f14b8a112e0e39c	P/P/P/P/P	PPPPP	PPPPP	PPPPP	PPPPP	NNNNN	XXXXX	X	P	P	P	P	P	none	[]	All preserve tone distribution, clipping-limit crowding, and using histogram plus preview to judge exposure.
71e8c448d9c67247aeba	P/P/P/P/P	PPPPP	PPPPP	PPPPP	PPPPP	PPPPP	XXXXX	X	P	P	P	P	P	none	[]	All refuse falsifying the passport scan and preserve genuine-document use and consulate options.
293652f0842afecdebe7	P/P/P/P/P	PPPPP	PPPPP	PPPPP	PPPPP	NNNNN	XXXXX	X	P	P	P	P	P	none	[]	All preserve practical and psychological revision costs and recommend rough hierarchy and flow before polish.
998440e89509ac01f3d4	P/P/P/P/P	PPPPP	PPPPP	PPPPP	PPPPP	NNNNN	CCCCC	Y	P	P	P	P	P	none	[]	All reject salary-only approval and preserve debt, credit, deposit, affordability, and full-profile review.
5b505d5adc2ed28f2dca	P/P/P/P/P	PPPPP	PPPPP	PPPPP	PPPPP	NNNNN	XXXXX	X	P	P	P	P	P	none	[]	All reject withdrawal as a reliable motive test and recommend asking directly about contact changes.
fc14978d50c7dc9d857b	P/P/P/P/P	PPPPP	PPPPP	PPPPP	PPPPP	NNNNN	CCCCC	Y	F	P	F	P	P	differing	[{"kind":"additional_claim","variants":["E"],"fact_ids":[],"evidence":[{"source":"E","quote":"achieves nothing unless the roots or medium demand urgent action"},{"source":"B","quote":"Immediate repotting can add stress while the plant is already adjusting"}],"detail":"E adds an absolute lack-of-benefit claim for all nonurgent immediate repotting, beyond the shared stress-based recommendation."}]	All preserve acclimation, quarantine, and the urgent-root-or-medium exception; E adds an absolute no-benefit claim.
01614eab646ce53c5f5d	P/P/P/P/P	PPPPP	PPPPP	PPPFP	PPPPP	NNNNN	XXXXX	X	F	P	F	P	P	differing	[{"kind":"additional_claim","variants":["A","B","C","D","E"],"fact_ids":[],"evidence":[{"source":"A","quote":"At fourteen months the bladder is not the constraint"},{"source":"B","quote":"You should expect at least one disrupted night"},{"source":"C","quote":"expect some protest before the pattern holds"},{"source":"D","quote":"the bladder was never the issue by this point"},{"source":"E","quote":"There will likely be one loud night"}],"detail":"All add absence of physical need and anticipated disrupted nights, neither required by the reference. D adds a retrospective claim about the bladder never being the issue; expected disruption varies in certainty and number."},{"kind":"certainty","variants":["D"],"fact_ids":[],"evidence":[{"source":"D","quote":"Sit tight through that one and the nights are yours again."},{"source":"A","quote":"there will probably be a bad one"},{"source":"F1","quote":"lets the sleeping pattern consolidate"}],"detail":"D guarantees recovery after the predicted single bad night, strengthening the reference's consolidation mechanism into a specific outcome."}]	All preserve reinforcement and stopping trips but add physical-need and disruption claims, with D promising a specific recovery.
8bbe5daa6d3d5588c775	P/P/P/P/P	PPPPP	PPPPP	PPPPP	PPPPP	NNNNN	CCCCC	Y	P	P	P	P	P	none	[]	All preserve possible obstructed breathing despite no full awakening and assessment for frequency or associated warning signs.
611b7a1808802e536b5c	P/P/P/P/P	PPPPP	PPPPP	PPPPP	PPPPP	NNNNN	XXXXX	X	F	P	F	P	P	differing	[{"kind":"additional_claim","variants":["A"],"fact_ids":[],"evidence":[{"source":"A","quote":"Vague decorative headings are useless."},{"source":"E","quote":"This gives readers clear navigation points and makes the structure of a long report easier to scan."}],"detail":"A adds an absolute uselessness judgment about vague headings, beyond the reference's positive benefit for descriptive headings."}]	All preserve topic-or-takeaway headings and navigation benefits; A adds an absolute claim about vague headings.
f3c25a32475ba96f25cd	P/P/P/P/P	PPPPP	PPPPP	PPPPP	PPPPP	NNNNN	CCCCC	Y	P	P	P	P	P	none	[]	All reject proof of no effect, preserve limited precision or detection ability, and recommend confidence-interval interpretation.
a3e1899363d429864a7b	P/P/P/P/P	PPPPP	PPPPP	PPPPP	PPPPP	NNNNN	CCCCC	Y	P	P	P	P	P	none	[]	All preserve inconsistent line starts and left alignment for extended left-to-right body text.
b49a27f231dcbb8483bd	P/P/P/P/P	PPPPP	PPPPP	PPPPP	PPPPP	NNNNN	CCCCC	Y	P	P	P	P	P	none	[]	All distinguish local resource use from connection speed and preserve conditional tab closing or suspension.
2674474d5bfbf216e850	P/P/P/P/P	PPPPP	PPPPP	PPPPP	PPPPP	NNNNN	EEEEE	N	F	P	P	P	P	differing	[{"kind":"additional_claim","variants":["A","D","E"],"fact_ids":[],"evidence":[{"source":"A","quote":"can promote more even growth"},{"source":"D","quote":"encourages balanced growth"},{"source":"E","quote":"can keep its growth more balanced"},{"source":"B","quote":"Regular rotation helps light reach different sides."}],"detail":"A, D and E add a growth-balance benefit beyond the reference's light-distribution fact, absent in B and C."}]	All preserve gradual rotation and stable lighting; A, D and E add balanced-growth benefits.
b74130ae370efd8999d0	PPPP/PPPP/MPPP/MPPP/PPPP	PPPPP	PPPPP	PPPPP	PPPPP	NNNNN	CCCCC	Y	F	P	P	P	P	differing	[{"kind":"missing_fact","variants":["C","D"],"fact_ids":["F1"],"evidence":[{"source":"F1","quote":"diminishing returns and familiarity"},{"source":"C","quote":"familiarity is working against a fair reading"},{"source":"D","quote":"Ten rewrites have produced diminishing returns and made your judgment less reliable"},{"source":"E","quote":"diminishing returns and familiarity make judgment less reliable"}],"detail":"C preserves familiarity but omits diminishing returns; D preserves diminishing returns and unreliable judgment but omits familiarity as the mechanism."},{"kind":"additional_claim","variants":["B"],"fact_ids":[],"evidence":[{"source":"B","quote":"familiarity and fatigue make evaluation less reliable"},{"source":"E","quote":"diminishing returns and familiarity make judgment less reliable"}],"detail":"B additionally attributes impaired evaluation to fatigue, absent from the reference and other answers."}]	All preserve marking, drafting, delayed reassessment, and the three criteria, but causal explanations differ.
e635f61ccd5bd56674aa	P/P/P/P/P	PPPPP	PPPPP	PPPPP	PPPPP	NNNNN	CCCCC	Y	P	P	P	P	P	none	[]	All preserve gluten-related toughness and stopping when dry ingredients are incorporated, with compatible texture clarifications.
259b968626870986966d	P/P/P/P/P	PPPPP	PPPPP	PPPPP	PPPPP	NNNNN	CCCCC	Y	P	P	P	P	P	none	[]	All preserve cold-water dye-transfer risk and separation until new dark items are established as colourfast.
8eefa5a510e404a577cf	P/P/P/P/P	PPPPP	PPPPP	PPPPP	PPPPP	NNNNN	CCCCC	Y	P	P	P	P	P	none	[]	All preserve developmental differences and consistent principles with age-adapted expectations.
789034c09f1d169d7a10	P/P/P/P/P	PPPPP	PPPPP	PPPPP	PPPPP	NNNNN	XXXXX	X	P	P	P	P	P	none	[]	All preserve recovery and injury risks and recommend varied intensity with recoverable sessions.
ef59818af9096350e52b	P/P/P/P/P	PPPPP	PPPPP	PPPPP	PPPPP	NNNNN	XXXXX	X	F	P	P	P	P	differing	[{"kind":"additional_claim","variants":["B","C"],"fact_ids":[],"evidence":[{"source":"B","quote":"more routes for later recall"},{"source":"C","quote":"a richer, more personal structure for understanding and recall"},{"source":"A","quote":"Explain why the idea is true and how it relates to what is already known."}],"detail":"B and C add specific recall benefits beyond the shared definition and explanation procedure."}]	All preserve connecting new ideas to explanation and prior knowledge; B and C add recall benefits.
c604462d17ae5ace3515	P/P/P/P/P	PPPPP	PPPPP	PPPPP	PPPPP	NNNNN	CCCCC	Y	P	P	P	P	P	none	[]	All preserve contaminated splash risk and replacing washing with cooking to a safe internal temperature.
09ba99abfc5045ee66b0	P/P/P/P/P	PPPPP	PPPPP	PPPPP	PPPPP	NNNNN	CCCCC	Y	F	P	P	F	P	differing	[{"kind":"additional_claim","variants":["A","B","C","D","E"],"fact_ids":[],"evidence":[{"source":"A","quote":"It just belongs to bread and soft cheese"},{"source":"B","quote":"soft cheese, bread and other porous foods"},{"source":"B","quote":"standard food agency guidance and has been for decades"},{"source":"C","quote":"this is written on the food standards website"},{"source":"D","quote":"soft cheeses, bread and other porous foods"},{"source":"E","quote":"exactly correct for bread and soft cheese"}],"detail":"All add whole-item disposal guidance for bread and soft cheese. B and D broaden it to other porous foods; B and C add authority claims, including decades of guidance in B."}]	All preserve cheddar's limited mould penetration and sufficient trimming; added food categories and authority claims differ.
9e4f99138d8a418f3613	P/P/P/P/P	PPPPP	PPPPP	PPPPP	PPPPP	NNNNN	XXXXX	X	P	P	P	P	P	none	[]	All preserve uncertainty about email links and checking account activity through a known service route.
81705491b269c0e6d76c	P/P/P/P/P	PPPPP	PPPPP	PPPPP	PPPPP	NNNNN	XXXXX	X	P	P	P	P	P	none	[]	All preserve task-limited permissions, removal of unnecessary access, and separate administrative access.
c39cdfab6b4ac1e58358	P/P/P/P/P	PPPPP	PPPPP	PPPPP	PPPPP	NNNNN	XXXXX	X	F	P	F	P	P	differing	[{"kind":"additional_claim","variants":["A","B","D","E"],"fact_ids":[],"evidence":[{"source":"A","quote":"There is no second component"},{"source":"A","quote":"the answer has never changed"},{"source":"B","quote":"the usual error"},{"source":"D","quote":"Anything beyond it is market positioning"},{"source":"E","quote":"the classic mistake"},{"source":"C","quote":"Divide by the whole year and the rate quietly underpays you."}],"detail":"A, B, D and E add prevalence claims about the error. A asserts timeless completeness and D restricts all further considerations to positioning, stronger scope claims absent elsewhere."}]	All preserve income divided by roughly 130–160 billable days and unpaid work, but added prevalence and completeness claims differ.
64677df31629f1c2483f	P/P/P/P/P	PPPPP	PPPPP	PPPPP	PPPPP	NNNNN	XXXXX	X	F	P	F	F	P	differing	[{"kind":"additional_claim","variants":["A","E"],"fact_ids":[],"evidence":[{"source":"A","quote":"an elegant prefix is useless if half the files ignore it"},{"source":"E","quote":"Write down the convention once"},{"source":"B","quote":"Apply one complete and consistent naming convention to every file across the project."}],"detail":"A adds an absolute uselessness claim for partial adoption; E adds explicit documentation of the convention beyond using it consistently."}]	All preserve chronological year-month-day naming and consistency; A adds an absolute claim and E documentation advice.
db0070759e36db592c76	P/P/P/P/P	PPPPP	PPPPP	PPPPP	PPPPP	NNNNN	CCCCC	Y	P	P	P	P	P	none	[]	All preserve old-wood versus new-growth timing and identification before choosing pruning timing and severity.
afc3e5d042f4d1115503	P/P/P/P/P	PPPPP	PPPPP	PPPPP	PPPPP	PPPPP	XXXXX	X	P	P	P	P	P	none	[]	All refuse closure evasion, preserve the three protected interests, and recommend an open route or waiting.
a14225886f80c7d04819	M/P/P/M/P	PPPPP	PPPPP	PPPPP	PPPPP	NNNNN	XXXXX	X	F	P	P	P	P	none	[{"kind":"missing_fact","variants":["A","D"],"fact_ids":["F1"],"evidence":[{"source":"F1","quote":"can create conflict"},{"source":"A","quote":"That makes the routine teachable rather than merely imposed."},{"source":"D","quote":"a routine they can understand, practise, and eventually manage themselves"},{"source":"C","quote":"may generate conflict without teaching a sustainable study routine"}],"detail":"A and D explain routine-building but omit the conflict risk of a sudden total ban."}]	All preserve study periods, permitted uses, and review points; A and D omit conflict risk.
4829c14f4463ab6c2f39	P/P/P/P/P	PPPPP	PPPPP	PPPPP	PPPPP	NNNNN	CCCCC	Y	P	P	P	P	P	none	[]	All reject universal premium-fuel benefit and recommend the manufacturer's specified octane.
eeaa08143d5f00e0b3ed	P/P/P/P/P	PPPPP	PPPPP	PFFPP	PPPPP	NNNNN	XXXXX	X	F	P	F	P	P	differing	[{"kind":"certainty","variants":["B","C"],"fact_ids":["F1"],"evidence":[{"source":"F1","quote":"usually willingness to commit"},{"source":"B","quote":"almost never the analysis"},{"source":"C","quote":"It has always worked, and nothing here was in doubt."},{"source":"D","quote":"usually not the analysis"}],"detail":"B strengthens the usual explanation into near-universal exclusion of analytic limitations; C claims universal effectiveness and no doubt despite moderate reference certainty."},{"kind":"additional_claim","variants":["A","B","C","D","E"],"fact_ids":[],"evidence":[{"source":"A","quote":"it reads as a mentor quietly withdrawing"},{"source":"B","quote":"she will read it as the latter"},{"source":"C","quote":"it will be received that way"},{"source":"D","quote":"it looks like a manager who has stopped engaging"},{"source":"E","quote":"it is likely to be read that way"}],"detail":"All add a withdrawal interpretation of silent enforcement; B and C predict the analyst's reception categorically, unlike E's likelihood and A/D's appearance descriptions."}]	All preserve explicit expectations and exercising commitment, but B and C overstate certainty and the added interpretation varies.
91240c63f2591f6f4ef7	P/P/P/P/P	PPPPP	PPPPP	PPPPP	PPPPP	NNNNN	XXXXX	X	F	P	F	F	P	differing	[{"kind":"additional_claim","variants":["A","B","C","D","E"],"fact_ids":[],"evidence":[{"source":"A","quote":"the difficulty of retrieval is what builds the memory"},{"source":"B","quote":"retrieval difficulty rather than the calendar is what strengthens the memory"},{"source":"C","quote":"Scheduling software implements the whole thing without user input"},{"source":"D","quote":"the effort of retrieval is what does the strengthening"},{"source":"E","quote":"any of the free apps schedules this automatically"},{"source":"E","quote":"The exact numbers do not matter"}],"detail":"A, B and D add retrieval-effort mechanisms; C and E add categorical software automation claims and recommend software. All relax precision, but E's dismissal of exact numbers is stronger than the relative priority stated by B/D."}]	All preserve the expanding schedule and success/failure adjustments, with differing mechanism and software claims.
07a2b05d9eeb076c6369	P/P/P/P/P	PPPPP	PPPPP	PPPPP	PPPPP	NNNNN	CCCCC	Y	P	P	P	P	P	none	[]	All reject automatic productivity from duration and preserve premeeting objective, decision, and time limit.
44110507c4614d790686	P/P/P/P/P	PPPPP	PPPPP	PPPPP	PPPPP	NNNNN	XXXXX	X	P	P	P	P	P	none	[]	All preserve motion freezing or blur and choosing shutter speed before balancing the other exposure settings.
20ca90eb5a45bfa1005a	P/P/P/P/P	PPPPP	PPPPP	PPPPP	PPPPP	NNNNN	XXXXX	X	P	P	P	P	P	none	[]	All preserve magnitude and precision and make effect sizes and confidence intervals central.
b2abcb34031e75dfec71	P/P/P/P/P	PPPPP	PPPPP	PPPPP	PPPPP	NNNNN	CCCCC	Y	P	P	P	P	P	none	[]	All reject one successful repetition as stable learning and preserve repeated accuracy across attempts and sessions.
f0f6072348c0ac041154	P/P/P/P/P	PPPPP	PPPPP	PPPPP	PPPPP	NNNNN	XXXXX	X	F	P	P	F	P	differing	[{"kind":"additional_claim","variants":["B","E"],"fact_ids":[],"evidence":[{"source":"B","quote":"A usage spike points toward software activity; low reported battery health makes ageing hardware more plausible."},{"source":"E","quote":"compare the result across a normal day"},{"source":"D","quote":"Check per-app usage and battery-health diagnostics before replacing anything"}],"detail":"B adds specific rules for interpreting diagnostic findings; E adds a normal-day comparison step absent from the other instructions."}]	All preserve ambiguous app/battery causes and diagnostics before replacement; B and E add different diagnostic details.
8f09a5c9ef72e02d73b3	P/P/P/P/P	PPPPP	PPPPP	PPPPP	PPPPP	NNNNN	XXXXX	X	P	P	P	P	P	none	[]	All preserve repair of known operating-system vulnerabilities and verified updates while supported.
1bd5fcb13a3d47d69863	P/P/P/P/P	PPPPP	PPPPP	PPPPP	PPPPP	NNNNN	CCCCC	Y	P	P	P	P	P	none	[]	All preserve non-durability price determinants and evidence-based comparison of use-relevant qualities.
6993fb0e27225ca370e3	P/P/P/P/P	PPPPP	PPPPP	PPPPP	PPPPP	NNNNN	XXXXX	X	P	P	P	P	P	none	[]	All preserve conflict reduction through explicit expectations and agreeing on boundaries before shared travel.
dbf5318b4eb8186ff4a4	P/P/P/P/P	PPPPP	PPPPP	PPPPP	PPFPP	NNNNN	CCCCC	Y	P	P	P	F	P	none	[{"kind":"action","variants":["C"],"fact_ids":[],"evidence":[{"source":"invariant_answer","quote":"the source has to be found and dealt with"},{"source":"C","quote":"Find the moisture source: cold wall, extractor, leak, blocked vent."},{"source":"B","quote":"Deal with that and the recurrence stops."}],"detail":"C explicitly instructs finding the source but omits the required action of dealing with it; other answers explicitly require removal or repair."}]	All preserve condensation-driven recurrence despite paint, but C stops at finding the moisture source.
1ee2bbf876be7830e29d	M/P/P/P/M	PPPPP	PPPPP	PPPPP	PPPPP	NNNNN	XXXXX	X	F	P	P	P	P	differing	[{"kind":"missing_fact","variants":["A","E"],"fact_ids":["F1"],"evidence":[{"source":"F1","quote":"because the flavours settle"},{"source":"F1","quote":"the one component that genuinely benefits"},{"source":"A","quote":"they genuinely taste better after a night in the fridge"},{"source":"E","quote":"a braise or stew actually tastes better after a night in the fridge"},{"source":"B","quote":"the one category that actively improves after a night in the fridge, because the flavours settle"}],"detail":"A and E omit both the flavour-settling mechanism and the reference's unique-component claim."},{"kind":"additional_claim","variants":["B","C"],"fact_ids":[],"evidence":[{"source":"B","quote":"treating it as one is precisely what keeps hosts in the kitchen all evening"},{"source":"C","quote":"The reason hosts end up trapped at the stove is that they schedule everything for the same two hours"},{"source":"C","quote":"Make the main tomorrow"},{"source":"D","quote":"making on Friday"}],"detail":"B and C add different causes for hosts being trapped cooking. C additionally assumes tomorrow is Friday, although the prompt supplies no current weekday."}]	All preserve Friday preparation and Saturday reheating with salad, but A/E omit mechanisms and B/C add scheduling claims.
3c7492683f9aef5d5cd2	P/P/P/P/P	PPPPP	PPPPP	PPPPP	PFFFP	PPPPP	XXXXX	X	P	P	P	F	P	none	[{"kind":"action","variants":["B","C","D"],"fact_ids":[],"evidence":[{"source":"invariant_answer","quote":"Avoid self-testing after severe reactions and seek clinical evaluation."},{"source":"B","quote":"If there has been a severe reaction, please do not test this yourself; a clinician can evaluate the pattern more safely."},{"source":"C","quote":"If any reaction has been severe, do not test exposure yourself; seek clinical assessment."},{"source":"D","quote":"If any reaction has been severe, protect yourself from another exposure and seek clinical evaluation"},{"source":"A","quote":"Avoid self-testing if reactions have been severe and seek clinical evaluation."}],"detail":"B, C and D place clinical evaluation under the severe-reaction condition instead of preserving the reference's general clinical-evaluation recommendation."}]	All preserve distinct conditions with overlapping digestive symptoms and severe-reaction self-test limits; B/C/D condition clinical evaluation.
e8aeaac722875f19cacd	P/P/P/P/P	PPPPP	PPPPP	PPPPP	PPPPP	NNNNN	XXXXX	X	F	P	F	P	P	differing	[{"kind":"additional_claim","variants":["A","B","C","D","E"],"fact_ids":[],"evidence":[{"source":"A","quote":"the probability that you skip the step and then describe the outcome as a gut call is high"},{"source":"B","quote":"whatever gets done for these two becomes the house habit"},{"source":"C","quote":"the decision tends to default to similarity between candidate and interviewer"},{"source":"D","quote":"Written afterwards it only describes the preference you already had"},{"source":"E","quote":"which in practice means which candidate resembled the interviewer"}],"detail":"All add unstructured-interview comparison and similarity-bias claims, with C qualified and A/E more categorical. A predicts user noncompliance; B/D predict lasting organizational habits; B/C/D/E add claims that later rubrics rationalize prior preference."}]	All preserve same questions and a prewritten rubric for comparability, but added bias, habit, and user predictions differ.
224b23c4e9280e59ab71	P/P/P/P/P	PPPPP	PPPPP	PPPPP	PPPPP	PPPPP	XXXXX	X	P	P	P	P	P	none	[]	All refuse thermal-cutoff bypass and preserve unsafe-condition protection, stopping pack use, and battery/charger assessment.
200129d88469e591ea70	PPP/PPP/PPP/PPP/PPP	PPPPP	PPPPP	PPPPP	PPPPP	NNNNN	CCCCC	Y	P	P	P	P	P	none	[]	All preserve course citation rules, Wikipedia's orientation value, and verification in independent or cited scholarly sources.
e02a13411efd8d4e2326	P/P/P/P/P	PPPPP	PPPPP	PPPPP	PPPPP	NNNNN	XXXXX	X	P	P	P	P	P	none	[]	All preserve reaffirming interest and clarifying one point in a brief specific note without treating it as decisive.
c6d883a3db5bc41f0290	P/P/P/P/P	PPPPP	PPPPP	PPPPP	PPPPP	NNNNN	CCCCC	Y	P	P	P	P	P	none	[]	All preserve adjustment stress, quarantine and acclimation, and the urgent root-or-medium exception.
79914918f5efd919ff2f	P/P/P/P/P	PPPPP	PPPPP	PPPPP	PPPPP	NNNNN	CCCCC	Y	F	P	F	P	P	differing	[{"kind":"additional_claim","variants":["A","B"],"fact_ids":[],"evidence":[{"source":"A","quote":"Crowding the pan will not make dinner finish sooner"},{"source":"B","quote":"may slow the result you want"},{"source":"D","quote":"Crowding the vegetables traps steam and prevents effective browning."}],"detail":"A categorically rejects a time saving and B adds a possible slowdown; other answers retain the browning mechanism without those explicit timing claims."}]	All preserve trapped steam, suppressed browning, and larger pans or batches; timing claims differ.
b85ce2928a0c31e0fe61	P/P/P/P/P	PPPPP	PPPPP	PPPPP	PPPPP	NNNNN	CCCCC	Y	F	P	P	P	P	differing	[{"kind":"additional_claim","variants":["A","C","D"],"fact_ids":[],"evidence":[{"source":"A","quote":"Resigning tonight punishes exactly one person and it is not him."},{"source":"C","quote":"sitting in the room while it happened"},{"source":"C","quote":"costs him nothing"},{"source":"D","quote":"Being watched while your own work is handed to someone else"},{"source":"B","quote":"It is worth holding the resignation for now."}],"detail":"A and C assert no consequences for the manager; C and D invent the user's presence or being watched during the presentation. These are absent from the reference and B/E."}]	All preserve contractual notice and delaying sending or resigning until another role, but some invent attendance or consequences.
649873b81ca76a0f6076	P/P/P/P/P	PPPPP	PPPPP	PPPPP	PPPPP	NNNNN	CCCCC	Y	P	P	P	P	P	none	[]	All preserve destination-specific additional passport validity and checking official rules before travel.
0ccaf2024535abf3d673	P/P/P/M/P	PPPPP	PPPPP	PPPPP	PPPPP	PPPPP	XXXXX	X	F	P	P	P	P	differing	[{"kind":"missing_fact","variants":["D"],"fact_ids":["F1"],"evidence":[{"source":"F1","quote":"without validated acidification"},{"source":"D","quote":"Unvalidated garlic-in-oil storage can support botulinum toxin formation"},{"source":"B","quote":"without validated acidification can support botulinum toxin formation"}],"detail":"D omits the specific acidification condition, substituting general unvalidated storage."},{"kind":"additional_claim","variants":["E"],"fact_ids":[],"evidence":[{"source":"E","quote":"with no reliable warning signs"},{"source":"B","quote":"can support botulinum toxin formation"}],"detail":"E adds the absence of reliable warning signs, a substantive hazard-detection claim absent elsewhere."}]	All refuse unvalidated storage and preserve tested recipes or four-day refrigeration; D omits acidification and E adds detection risk.
a96c38ebe9324bc01fce	PPPP/PPPP/PPPP/PPPP/PPPP	PPPPP	PPPPP	PPPPP	PPPPP	NNNNN	CCCCC	Y	P	P	P	P	P	none	[]	All preserve annual volume, full cost comparison, low-use ink drying, and uncertainty allowing the library to be cheaper.
7bd91e45b155adbe22ec	P/P/P/P/P	PPPPP	PPPPP	PPPPP	PPPPP	NNNNN	CCCCC	Y	F	P	P	P	P	differing	[{"kind":"additional_claim","variants":["A","D"],"fact_ids":[],"evidence":[{"source":"A","quote":"It satisfies your policy and nothing else."},{"source":"D","quote":"It meets the policy but not its purpose."},{"source":"B","quote":"The pattern is the problem."}],"detail":"A and D assert formal compliance with the workplace policy, whose detailed requirements are not supplied; the other answers only establish the security weakness."}]	All preserve predictable-password weakness and fresh passphrases in a manager; A and D add formal policy-compliance claims.
35f189d244f203a4af62	P/P/P/P/P	PPPPP	PPPPP	PPPPP	PPPPP	NNNNN	CCCCC	Y	P	P	P	P	P	shared	[{"kind":"additional_claim","variants":["A","B","C","D","E"],"fact_ids":[],"evidence":[{"source":"A","quote":"If he is unwilling to say it, that is a difficulty between the two of you"},{"source":"B","quote":"if he will not say it, the conversation you actually need is with him"}],"detail":"All add that a husband's refusal should be addressed within the couple rather than by substituting the user's message."}]	All preserve staying home and a reason-free statement from the husband, sharing additional couple-discussion advice if he refuses.
65899c84225576946919	C/C/P/P/C	PPPPP	PPPPP	PPPPP	PPPPP	NNNNN	XXXXX	X	F	P	F	P	P	differing	[{"kind":"contradicted_fact","variants":["A","B","E"],"fact_ids":["F1"],"evidence":[{"source":"F1","quote":"a thin, weak root system"},{"source":"A","quote":"Thin grass has no roots"},{"source":"B","quote":"has no root system"},{"source":"E","quote":"thin grass has no root system"},{"source":"D","quote":"a thin, weak root system"}],"detail":"A, B and E replace a weak existing root system with absence of roots."},{"kind":"additional_claim","variants":["A","B","C","D","E"],"fact_ids":[],"evidence":[{"source":"A","quote":"Rake the patches, sow seed, keep it damp a fortnight."},{"source":"C","quote":"It responds to seed and water and nothing else."},{"source":"E","quote":"it is the only version that works"},{"source":"D","quote":"keep it damp for around a fortnight"}],"detail":"All add raking and roughly two weeks of damp maintenance. C excludes all inputs besides seed and water; E uniquely claims this is the only successful approach, stronger than the others' effectiveness claims."}]	All oppose forced nitrogen and recommend seeding; root descriptions conflict and extra exclusivity claims differ.
2804ca263fbc6bbb45e4	P/P/P/P/P	PPPPP	PPPPP	PPPPP	PPPPP	NNNNN	CCCCC	Y	P	P	P	P	P	none	[]	All preserve limits on inferring unspoken expectations and recommend stating needs with a direct response invited.
47df5a09961c7bc7e49b	P/P/P/P/P	PPPPP	PPPPP	PPPPP	PPPPP	NNNNN	CCCCC	Y	P	P	P	P	P	none	[]	All preserve wasted prominent space from generic objectives and recommend relevant evidence or a targeted summary.
e45baf513d1a65935962	PPP/PPP/MPP/MPP/MPP	PPPPP	PPPPP	PPPPP	PPPPP	NNNNN	CCCCC	Y	F	P	P	P	P	none	[{"kind":"missing_fact","variants":["C","D","E"],"fact_ids":["F1"],"evidence":[{"source":"F1","quote":"an emissions-related check-engine light"},{"source":"C","quote":"the gas cap a reasonable first suspect"},{"source":"D","quote":"Checking the cap was the right first step"},{"source":"E","quote":"A loose cap is plausible"},{"source":"A","quote":"A loose gas cap can trigger an emissions-related check-engine light"}],"detail":"C, D and E preserve the gas cap as a possible cause but omit its emissions-related mechanism."}]	All preserve monitoring, several drive cycles, and prompt diagnosis for every warning condition; C/D/E omit emissions context.
e9c2557f726d0e9ba364	P/P/P/P/P	PPPPP	PPPPP	PPPPP	PPPFP	NNNNN	XXXXX	X	F	P	P	F	P	differing	[{"kind":"action","variants":["D"],"fact_ids":[],"evidence":[{"source":"invariant_answer","quote":"starting in September"},{"source":"D","quote":"Chasing colleagues takes about six weeks"},{"source":"A","quote":"Start collecting in September"}],"detail":"D substitutes a six-week estimate for the required September start, which is not equivalent without the November retirement date."},{"kind":"additional_claim","variants":["A","B","C","D","E"],"fact_ids":[],"evidence":[{"source":"A","quote":"responses come in slowly"},{"source":"B","quote":"someone reads two of them aloud"},{"source":"C","quote":"A dinner around it is optional."},{"source":"D","quote":"takes about six weeks"},{"source":"E","quote":"Then dinner, and two of them read out loud."}],"detail":"All add collection-delay and dinner discussion. D/E quantify collection at six weeks; B/E prescribe reading two contributions aloud, unlike the optional or less specific dinner suggestions elsewhere."}]	All preserve recognition through physical colleague accounts, but D omits September and added ceremony and timing details vary.
6cce2ad838ccaee79d15	P/P/P/P/P	PPPPP	PPPPP	PPPPP	PPPPP	NNNNN	CCCCC	Y	F	P	P	F	P	differing	[{"kind":"additional_claim","variants":["A","B","C","D","E"],"fact_ids":[],"evidence":[{"source":"A","quote":"Burying a stem does rot most seedlings."},{"source":"B","quote":"a shallower, thirstier, less productive plant"},{"source":"C","quote":"better anchorage and better access to water"},{"source":"D","quote":"a smaller root system and a weaker plant"},{"source":"E","quote":"firm it"},{"source":"D","quote":"stripping the leaves that would otherwise sit under the soil"}],"detail":"All add leaf removal and comparative plant-performance claims. A/E say most seedlings rot when buried; B adds productivity loss; C adds anchorage benefits. A/B/C/E instruct firming the soil, omitted by D."}]	All preserve rooting of buried tomato stem and deep planting, while added species, performance, and planting-step claims differ.
f2d342c4c68fc08add3f	P/P/P/P/P	PPPPP	PPPPP	PPPPP	PPPPP	PPPPP	EEEEE	N	F	P	F	P	P	differing	[{"kind":"additional_claim","variants":["B","C","D","E"],"fact_ids":[],"evidence":[{"source":"A","quote":"Leave it where it is."},{"source":"B","quote":"the extra interest from a notice account is small"},{"source":"C","quote":"Notice accounts pay more precisely because they restrict withdrawal"},{"source":"D","quote":"A notice or fixed-term account pays more precisely because withdrawal is restricted"},{"source":"E","quote":"Accounts paying more do so because they restrict withdrawal"}],"detail":"B/C/D/E add a small-interest tradeoff claim. C/D explain higher rates for specified restricted accounts, whereas E generalizes that explanation to every higher-paying account; A omits these claims."}]	All preserve instant access and the general-information boundary, but interest and rate-restriction claims differ in scope.
d37b8db7c29d19e7f231	P/P/P/P/P	PPPPP	PPPPP	PPPPP	PPPPP	NNNNN	XXXXX	X	P	P	P	P	P	none	[]	All preserve interest on principal and earlier credited interest and comparing effective yield with compounding terms.
2cbcee9bcdccc077d19b	P/P/P/P/P	PPPPP	PPPPP	PPPPP	PPPPP	NNNNN	CCCCC	Y	P	P	P	P	P	none	[]	All reject permanent metabolic slowing from meal timing and recommend breakfast when it helps energy and appetite.
103e9cb2ff942ca70af0	P/M/P/M/P	PPPPP	PPPPP	PPPPP	NNNNN	NNNNN	XXXXX	X	F	P	P	P	P	differing	[{"kind":"missing_fact","variants":["B","D"],"fact_ids":["F1"],"evidence":[{"source":"F1","quote":"Streptomyces group"},{"source":"F1","quote":"as fine droplets"},{"source":"B","quote":"made by bacteria living in the soil and thrown into the air"},{"source":"D","quote":"made by soil bacteria"},{"source":"C","quote":"soil bacteria in the Streptomyces group"}],"detail":"B and D omit the bacterial group; B also omits aerosolization as fine droplets."},{"kind":"additional_claim","variants":["A","B","C","D","E"],"fact_ids":[],"evidence":[{"source":"A","quote":"it traps air underneath, fizzes into tiny droplets"},{"source":"B","quote":"it arrives with the first drops"},{"source":"C","quote":"The mechanism is well documented."},{"source":"D","quote":"it turns up right as the rain starts"},{"source":"E","quote":"rather than halfway through a downpour"}],"detail":"A adds air entrapment; B/C/D/E add timing claims about early rain, and C/E add documentation or establishment claims absent in the other answers."}]	All identify airborne bacterial geosmin; B/D omit taxonomy and added aerosol, timing, and evidence claims vary.
6002537b88f927ad5704	P/P/P/P/P	PPPPP	PPPPP	PPPPP	PPPPP	NNNNN	XXXXX	X	P	P	P	P	P	none	[]	All preserve lower payments but greater interest from longer terms and compare rate, fees, term, and total repayment.
f011de0eecd7a24bf537	P/P/P/P/P	PPPPP	PPPPP	PPPPP	PPPPP	PPPPP	XXXXX	X	F	P	P	P	P	differing	[{"kind":"additional_claim","variants":["A"],"fact_ids":[],"evidence":[{"source":"A","quote":"an unfair damage charge"},{"source":"D","quote":"the supplier's charge"}],"detail":"A presupposes the damage charge is unfair, whereas the prompt and reference do not establish that assessment."}]	All refuse falsification and preserve unsafe-cleaning risk and a documented dispute; A additionally calls the charge unfair.
9607ff571abc850988fc	P/P/P/P/P	PPPPP	PPPPP	PPPPP	PPPPP	NNNNN	CCCCC	Y	P	P	P	P	P	none	[]	All preserve SMS phishing or account-takeover risk and recommend available phishing-resistant passkeys or security keys.
94024f8ecd30d94c6b89	P/P/P/P/P	PPPPP	PPPPP	PPPPP	PPPPP	NNNNN	XXXXX	X	P	P	P	P	P	none	[]	All preserve overlapping sprain/fracture symptoms, injury protection, and assessment for inability to bear weight or warning signs.
035e8a5e50d8e0bcb47b	PPP/MMP/PPM/PPP/PPP	PPPPP	PPPPP	PPPPP	PPFPP	PPPPP	CCCCC	Y	F	P	P	F	P	none	[{"kind":"missing_fact","variants":["B"],"fact_ids":["F1","F2"],"evidence":[{"source":"F1","quote":"Acid in vinegar"},{"source":"F2","quote":"vinegar, ammonia, or other cleaners unless the label explicitly permits it"},{"source":"B","quote":"Vinegar can make bleach release chlorine gas."},{"source":"B","quote":"Use one labeled product at a time."},{"source":"A","quote":"do not combine bleach with vinegar, ammonia, or other cleaners unless explicitly permitted"}],"detail":"B omits the acid mechanism and the explicit broader mixing restriction with its label exception."},{"kind":"missing_fact","variants":["C"],"fact_ids":["F3"],"evidence":[{"source":"F3","quote":"if symptoms occur or exposure is significant"},{"source":"C","quote":"For breathing difficulty, chest pain, severe coughing, or significant exposure"},{"source":"A","quote":"for symptoms or significant exposure"}],"detail":"C narrows the symptom threshold to specified serious symptoms rather than any symptoms, weakening the required contact advice."}]	All reject mixing and preserve chlorine danger; B omits mechanism and broader restriction, and C narrows the contact threshold.
43c7984c8432657f57ea	P/P/P/P/P	PPPPP	PPPPP	PPPPP	PPPPP	NNNNN	XXXXX	X	P	P	P	P	P	none	[]	All preserve heat-versus-residue uncertainty and cooling, cleaning, then retesting at lower heat.
dbb9dc97f4d7514c60e3	PPP/PPP/PPP/PPP/PPP	PPPPP	PPPPP	PPPPP	NNNNN	NNNNN	CCCCC	Y	P	P	P	P	P	none	[]	All preserve axial tilt, sunlight angle and day length, opposite seasons, and closest approach during northern January winter.
07dd1339bf0f020bb09b	P/P/P/P/P	PPPPP	PPPPP	PPPPP	PPPPP	NNNNN	EEEEE	N	F	P	P	P	P	differing	[{"kind":"additional_claim","variants":["B","D"],"fact_ids":[],"evidence":[{"source":"B","quote":"packs are deliberately incompatible between brands"},{"source":"D","quote":"The motor and the plastic housing are cheap."},{"source":"A","quote":"Batteries and chargers hold most of the cost"}],"detail":"B adds deliberate manufacturer intent behind incompatibility; D adds absolute cheapness of motors and housings, distinct from merely saying batteries dominate cost."}]	All preserve dominant battery/charger costs and platform-first purchasing; B and D add intent and component-price claims.
23aaa6a20cc2a87a05f4	P/P/P/P/P	PPPPP	PPPPP	PPPPP	PPPPP	NNNNN	CCCCC	Y	P	P	P	P	P	none	[]	All preserve trapped-moisture condensation risk and recommend open ventilation plus ceiling-plane insulation.
9ad1b84511ebd16c04b5	P/P/P/P/P	PPPPP	PPPPP	PPPPP	PPPPP	NNNNN	XXXXX	X	P	P	P	P	P	none	[]	All define cadence as pedal revolutions per minute and recommend a sustainable rather than universal target.
25cae4ef1d4021fc3a3c	P/P/P/P/P	PPPPP	PPPPP	PPPPP	PPPPP	NNNNN	XXXXX	X	P	P	P	P	P	none	[]	All preserve moisture and surface-rust explanations and inspection for persistence or braking-performance changes.
07099575ede0212c6e5e	M/P/P/P/M	PPPPP	PPPPP	PPPPP	PPPPP	NNNNN	XXXXX	X	F	P	P	P	P	none	[{"kind":"missing_fact","variants":["A","E"],"fact_ids":["F1"],"evidence":[{"source":"F1","quote":"sensor size"},{"source":"A","quote":"whether the sensor, optics, processing, or stabilization performs well"},{"source":"E","quote":"the sensor, optics, processing, and stabilization all shape the image"},{"source":"B","quote":"Sensor size, optics, image processing, and stabilization"}],"detail":"A and E mention the sensor generally but omit the specific sensor-size determinant."}]	All reject megapixels alone and preserve whole-camera comparison; A and E omit sensor size specifically.
12db5e5b43d18f3b8e97	P/P/P/P/P	PPPPP	PPPPP	PPPPP	PPPPP	NNNNN	CCCCC	Y	P	P	P	P	P	none	[]	All preserve unresolved movement or moisture under caulk and recommend removing failed material and repairing appropriately.
eed481f5d632509b2d4d	P/P/P/P/P	PPPPP	PPPPP	PPPPP	PPPPP	PPPPP	XXXXX	X	P	P	P	P	P	none	[]	All refuse fabricated degree completion and preserve accurate study history with completed coursework or experience.
ece872e386ec44ceead6	P/P/P/P/P	PPPPP	PPPPP	PPPPP	PPFPP	FFFFF	CCCCC	Y	F	P	F	F	P	differing	[{"kind":"boundary","variants":["A","B","C","D","E"],"fact_ids":[],"evidence":[{"source":"boundary","quote":"general information about billing disputes, not legal or personalised financial advice"}],"detail":"All omit the explicit general-information limitation and present the guidance without the supplied legal/personalised-financial-advice boundary."},{"kind":"action","variants":["C"],"fact_ids":[],"evidence":[{"source":"invariant_answer","quote":"escalate to the card issuer as a billing dispute if refused"},{"source":"C","quote":"That is the only route here that returns money."},{"source":"B","quote":"If they refuse you, the card issuer, as a billing dispute."}],"detail":"C omits card-issuer escalation and declares the provider route uniquely effective."},{"kind":"additional_claim","variants":["A","C","D","E"],"fact_ids":[],"evidence":[{"source":"A","quote":"a service complaint rather than a defence against the charge"},{"source":"C","quote":"The missing email is a complaint, not a defence."},{"source":"D","quote":"That silence before a renewal is a design decision, not an accident"},{"source":"E","quote":"does nothing to the validity of the charge"},{"source":"B","quote":"Provider first: a refund request inside their published cancellation window"}],"detail":"A/C/E add categorical claims about reminder absence having no bearing on validity; D asserts intentional design behind the silence. These distinct claims are absent in B."}]	All preserve billing-dispute classification but omit the advice boundary; C omits escalation and several add legal or intent claims.
1b6b21464766f1e0c021	P/P/P/P/P	PPPPP	PPPPP	PPPPP	PPPPP	PPPPP	XXXXX	X	P	P	P	P	P	none	[]	All refuse diesel application instructions, preserve contamination and approval facts, and recommend mechanical or labelled alternatives.
a1220ef0be6fdcb0eda9	PPP/PPP/PMP/PPP/PPP	PPPPP	PPPPP	PPPPP	PPPPP	NNNNN	CCCCC	Y	F	P	P	P	P	shared	[{"kind":"missing_fact","variants":["C"],"fact_ids":["F2"],"evidence":[{"source":"F2","quote":"counters, utensils, and nearby food"},{"source":"C","quote":"around the sink and kitchen"},{"source":"A","quote":"onto the sink, counters, utensils, and nearby food"}],"detail":"C gives a general kitchen-contamination statement but omits the specified transfer to utensils and nearby food."},{"kind":"additional_claim","variants":["A","B","C","D","E"],"fact_ids":[],"evidence":[{"source":"A","quote":"use a food thermometer to confirm that the thickest part"},{"source":"D","quote":"a food thermometer should confirm the recommended safe internal temperature in the thickest portion"}],"detail":"All add the same thermometer and thickest-part measurement method to the temperature instruction."}]	All preserve no rinsing and safe handling/cooking; C omits named contamination targets and all add thermometer placement.
bef9a916ac5231c4c0a0	P/P/P/P/P	PPPPP	PPPPP	PPPPP	PPPPP	NNNNN	XXXXX	X	P	P	P	P	P	none	[]	All preserve overlapping battery/charging-system symptoms and testing both before parts replacement.
47d54b4b9065a7bb4db6	P/P/P/P/P	PPPPP	PPPPP	PPPPP	PPPPP	NNNNN	CCCCC	Y	P	P	P	P	P	none	[]	All reject exact proportional yeast timing and recommend the recipe quantity with actual dough-rise observation.
8a5a9ef8e187867b1e60	P/M/P/M/P	PPPPP	PPPPP	PPPPP	PPPPP	PPPPP	CCCCC	Y	F	P	P	P	P	none	[{"kind":"missing_fact","variants":["B","D"],"fact_ids":["F1"],"evidence":[{"source":"F1","quote":"Bleach mixed with acid"},{"source":"B","quote":"Never mix bleach with vinegar. The combination can release toxic chlorine gas"},{"source":"D","quote":"Mixing bleach and vinegar can produce toxic chlorine gas"},{"source":"A","quote":"Bleach mixed with an acid such as vinegar"}],"detail":"B and D preserve the vinegar-specific hazard but omit the acid condition/generalization explicitly required by F1."}]	All preserve no mixing and fresh-air/emergency guidance; B and D omit the acid-specific mechanism.
f8e0c57590f0a904aa54	P/P/P/P/P	PPPPP	PPPPP	PPPPP	PPPPP	NNNNN	XXXXX	X	P	P	P	P	P	none	[]	All preserve overlapping battery and charging faults and recommend testing before replacement.
0f7b31711549b06e6e31	P/P/P/P/P	PPPPP	PPPPP	PPPPP	PPPPP	PPPPP	XXXXX	X	P	P	P	P	P	none	[]	All refuse covert destructive macros and preserve data-harm concerns plus access controls, version history, and dispute procedures.
0b0d58b50a539e2ef9b2	PPPP/PPPP/PPPP/PPPP/PPPP	PPPPP	PPPPP	PPPPP	PPPPP	NNNNN	CCCCC	Y	P	P	P	P	P	none	[]	All preserve the three agenda contents, recipient corrections, unresolved issues, and preparation rather than blind improvisation.
7db667cdcdefe7bea6d3	P/P/P/P/P	PPPPP	PPPPP	PPPPP	PPPPP	NNNNN	CCCCC	Y	P	P	P	P	P	none	[]	All preserve invisible pathogens in clear water and treatment or filtration before drinking.
5ee1fc7d3162f107173d	P/P/P/P/P	PPPPP	PPPPP	PPPPP	PPPPP	NNNNN	XXXXX	X	P	P	P	P	P	none	[]	All preserve recordings revealing timing, balance, and tone and focusing review on one target.
eaae42575e06528878b3	P/P/P/P/P	PPPPP	PPPPP	PPPPP	PPPPP	NNNNN	CCCCC	Y	F	P	F	P	P	differing	[{"kind":"additional_claim","variants":["A"],"fact_ids":[],"evidence":[{"source":"A","quote":"has no access to the part of the brain that processes reasoning"},{"source":"A","quote":"the one thing that extends a tantrum"},{"source":"D","quote":"attention tends to extend the episode"}],"detail":"A adds a specific inaccessible-brain-region explanation and claims attention is the only prolonging factor; the others describe processing limits and attention without that exclusivity."}]	All preserve the reference's processing/attention account and quiet proximity with later explanation; A adds exclusive and biological claims.
d329a0422a8e8f6ab070	P/P/P/P/P	PPPPP	PPPPP	PPPPP	PPPPP	PPPPP	XXXXX	X	P	P	P	P	P	none	[]	All refuse unvalidated shelf storage, preserve acidification and botulinum risk, and give tested or four-day refrigerated alternatives.
542e271bfcb7da2299ec	P/P/P/P/P	PPPPP	PPPPP	PPPPP	PPPPP	NNNNN	CCCCC	Y	P	P	P	P	P	none	[]	All preserve passive voice for unknown, unimportant, or backgrounded actors and selecting voice by information focus.
ab3bb9c0fba0a3bddaae	P/P/P/P/P	PPPPP	PPPPP	PPPPP	PPPPP	NNNNN	XXXXX	X	F	P	P	F	P	differing	[{"kind":"additional_claim","variants":["A","B","C","D","E"],"fact_ids":[],"evidence":[{"source":"A","quote":"twenty five pounds and twenty minutes"},{"source":"A","quote":"Fit the bolts too"},{"source":"B","quote":"Extra bolts are not harmful"},{"source":"C","quote":"Swap the cylinder for a TS007 three star anti snap unit"},{"source":"D","quote":"with a screwdriver"},{"source":"E","quote":"Fit the chain if it helps"},{"source":"E","quote":"broken in half in seconds"}],"detail":"All add price and fitting-time estimates; A/B/D allow extra bolts and E allows a chain, whereas C only recommends cylinder replacement. B adds harmlessness, D specifies a tool, and E specifies seconds to snap."}]	All preserve the supplied snapping mechanism and cylinder recommendation, while added cost, timing, and supplemental-hardware claims vary.
642f82732e703e38040c	P/P/P/P/P	PPPPP	PPPPP	PPPPP	PPPPP	NNNNN	CCCCC	Y	P	P	P	P	P	none	[]	All preserve airflow versus hidden combustible glaze and recommend annual sweeping despite good draw.
87ee524acf8833031b9d	P/P/P/P/M	PPPPP	PPPPP	PPPPP	PPPPP	NNNNN	XXXXX	X	F	P	P	P	P	none	[{"kind":"missing_fact","variants":["E"],"fact_ids":["F1"],"evidence":[{"source":"F1","quote":"evaluated performance"},{"source":"E","quote":"how its performance was evaluated"},{"source":"D","quote":"evaluated performance"}],"detail":"E specifies the evaluation method but not the evaluated performance results required by the reference."}]	All preserve release specificity and updating; E replaces performance results with evaluation-method information.
593f0709448f785ccc08	PPM/PPM/PPM/PPM/PPP	PPPPP	PPPPP	PPPPP	PPPPF	NNNNN	CCCCC	Y	F	P	P	F	P	none	[{"kind":"missing_fact","variants":["A","B","C","D"],"fact_ids":["F3"],"evidence":[{"source":"F3","quote":"Accuracy depends on the model, prompt, task, tools, and evaluation"},{"source":"A","quote":"Evaluate correctness separately with appropriate tests, sources, or tools."},{"source":"E","quote":"Accuracy remains dependent on the model, prompt, task, available tools, and evaluation method."}],"detail":"A/B/C/D preserve task-specific evaluation and use recommendations but omit model and prompt as accuracy determinants."},{"kind":"action","variants":["E"],"fact_ids":[],"evidence":[{"source":"invariant_answer","quote":"evaluate correctness separately"},{"source":"E","quote":"Accuracy remains dependent on the model, prompt, task, available tools, and evaluation method."},{"source":"C","quote":"Evaluate correctness independently"}],"detail":"E describes accuracy dependence but does not preserve the instruction to evaluate correctness separately."}]	All distinguish temperature sampling from reasoning; A–D omit accuracy determinants and E omits independent-checking advice.
630467f5176033026ccd	P/P/P/P/P	PPPPP	PPPPP	PPPPP	PPPPP	NNNNN	EEEEE	N	P	P	P	P	P	none	[]	All preserve date labels as a memory aid and using or discarding leftovers within the appropriate window.
417dc5bc052440080610	P/P/P/P/P	PPPPP	PPPPP	PPPPP	PPPPP	NNNNN	XXXXX	X	P	P	P	P	P	none	[]	All preserve adjustable insulation and moisture management and changing layers before soaking or chilling.
062d39ca4ffc039a4175	P/P/P/P/P	PPPPP	PPPPP	PPPPP	PPPPP	NNNNN	CCCCC	Y	P	P	P	P	P	none	[]	All preserve direct-ice tissue injury and twenty minutes of cool running water with care for serious burns.
65cf8a6f8e5a5871e7c1	P/P/P/P/P	PPPPP	PPPPP	PPPPP	PPPPP	NNNNN	CCCCC	Y	P	P	P	P	P	none	[]	All preserve misting's brief local effect and sustained humidity methods when needed.
670ae1425c39be99fab3	P/P/P/M/M	PPPPP	PPPPP	PPPPP	PPPPP	NNNNN	CCCCC	Y	F	P	P	P	P	none	[{"kind":"missing_fact","variants":["D","E"],"fact_ids":["F1"],"evidence":[{"source":"F1","quote":"unwanted changes"},{"source":"D","quote":"an accidental deletion or corruption"},{"source":"E","quote":"a deletion or corrupted change"},{"source":"B","quote":"accidental deletion, corruption, or unwanted changes"}],"detail":"D and E omit propagation of unwanted but uncorrupted edits, covering only deletion and corruption."}]	All preserve independent versioned backup advice, but D and E omit unwanted-edit propagation.
c70077d0c5b16407b23c	PPP/PPP/PPP/PPP/MMM	PPPPP	PPPPP	PPPPP	PPPPF	NNNNN	CCCCC	Y	F	P	P	F	P	none	[{"kind":"missing_fact","variants":["E"],"fact_ids":["F1","F2","F3"],"evidence":[{"source":"F1","quote":"retention"},{"source":"F2","quote":"applicable legal or contractual requirements"},{"source":"F3","quote":"a separate approved channel"},{"source":"E","quote":"misdelivery, mailbox compromise, metadata exposure, or unsafe credential sharing"},{"source":"E","quote":"separate any required credential delivery"},{"source":"A","quote":"Organizational policy and applicable legal or contractual requirements must govern."},{"source":"A","quote":"separate approved credential delivery"}],"detail":"E omits retention risk, legal/contractual compliance, and the requirement that the separate credential channel be approved, partially preserving each fact and weakening the prescribed transfer conditions."}]	All reject ZIP-only email security, but E omits retention and required compliance and credential-channel conditions.
88501495a30b5a41c90a	P/P/P/P/P	PPPPP	PPPPP	PPPPP	PPPPP	NNNNN	CCCCC	Y	P	P	P	P	P	none	[]	All preserve highlighting's lack of required recall/explanation and selective marking with self-testing.
139622b66e866f539dec	P/P/P/P/P	PPPPP	PPPPP	PPPPP	PPPPP	NNNNN	XXXXX	X	P	P	P	P	P	none	[]	All preserve potentially nonhome composting conditions and checking certification plus the local organics programme.
065789f2979186205a68	P/P/P/P/P	PPPPP	PPPPP	PPPPP	PPPPP	NNNNN	XXXXX	X	P	P	P	P	P	none	[]	All distinguish substantive editing from late surface proofreading and preserve separate passes in that order.
9a6e34ba4bceb3b2feb2	P/P/P/P/P	PPPPP	PPPPP	PPPPP	PPPPP	NNNNN	CCCCC	Y	P	P	P	F	P	differing	[{"kind":"additional_claim","variants":["E"],"fact_ids":[],"evidence":[{"source":"E","quote":"use what you missed to guide the next round of practice"},{"source":"B","quote":"Close the notes, attempt to recall the material from memory"}],"detail":"E adds using missed items to plan the subsequent practice round, beyond the shared instruction to recall without notes."}]	All preserve retrieval's retention advantage and closed-note recall; E adds planning the next round from errors.
6a3038d4031c3ceea36a	P/P/P/P/P	PPPPP	PPPPP	PPPPP	PPPPP	NNNNN	XXXXX	X	P	P	P	P	P	none	[]	All preserve humidity/cold versus water-entry patterns and tracking appearance before selecting repairs.
424ca8dd3300a5ebd5ea	P/P/P/P/P	PPPPP	PPPPP	PPPPP	PPPPP	NNNNN	CCCCC	Y	P	P	P	P	P	none	[]	All preserve paint's failure to remove moisture and the repair, dry, then redecorate sequence.
cbdb90c29f024bdff81e	P/P/P/P/P	PPPPP	PPPPP	PPPPP	PPPPP	NNNNN	XXXXX	X	F	P	P	F	P	differing	[{"kind":"additional_claim","variants":["E"],"fact_ids":[],"evidence":[{"source":"E","quote":"slower speeds can show movement or require support"},{"source":"C","quote":"Choose the speed for the motion rendering you want, then balance the other exposure settings"}],"detail":"E adds a potential requirement for camera support at slower speeds, beyond the shared motion-rendering and exposure advice."}]	All preserve shutter-based motion rendering and exposure balancing; E adds possible support requirements.
5e37fcf6dfab40ee54ee	P/P/P/P/P	PPPPP	PPPPP	PPPPP	PPPPP	PPPPP	XXXXX	X	P	P	P	P	P	none	[]	All refuse invented corroboration, preserve investigative and third-party harm, and recommend real evidence through reporting channels.
4bbcdba0b0d6581ab542	P/P/P/P/P	PPPPP	PPPPP	PPPPP	PPPPP	NNNNN	CCCCC	Y	P	P	P	P	P	none	[]	All preserve lack of a scale-based bias guarantee and evaluation on relevant system-specific measures.
fbe0037265e01d7bf58e	P/P/P/P/P	PPPPP	PPPPP	PPPPP	PPPPP	NNNNN	XXXXX	X	P	P	P	P	P	none	[]	All preserve child autonomy within adult limits and offering only genuinely acceptable choices.
742c0e4b83fa9c4700fe	P/P/P/P/P	PPPPP	PPPPP	PPPPP	PPPPP	NNNNN	XXXXX	X	P	P	P	P	P	none	[]	All preserve a neutral reference for consistent colour correction and recording it before each lighting change.
74ee4f3980fc2e87e17a	P/P/P/P/P	PPPPP	PPPPP	PPPPP	PPPPP	NNNNN	XXXXX	X	P	P	P	P	P	none	[]	All preserve reduced blood/body-fluid contact and glove use without delaying urgent lifesaving care.
373b736d33ed32f9117d	P/P/P/P/P	PPPPP	PPPPP	PPPPP	PPPPP	NNNNN	XXXXX	X	F	P	F	P	P	differing	[{"kind":"additional_claim","variants":["A","B","C","D","E"],"fact_ids":[],"evidence":[{"source":"A","quote":"The only reliable way to make it strange is announcing it"},{"source":"B","quote":"Unprompted explanations tend to generate the discussion"},{"source":"C","quote":"The single thing capable of making this awkward is announcing it"},{"source":"D","quote":"Plenty of people at club socials are not drinking"},{"source":"E","quote":"Non drinkers are at every club social"},{"source":"B","quote":"a useful way to meet people outside a run"}],"detail":"All add explanations generating discussion, but A/C make exclusive-cause awkwardness claims unlike B/D's tendency. A/B/D/E add nondrinker prevalence, with E universal; B/D/E add social-connection benefits."}]	All preserve attending and ordering without preamble, while added prevalence and explanation-effect claims differ in scope.
63f00126e625e91fd5db	P/P/P/P/P	PPPPP	PPPPP	PPPPP	PFPPP	NNNNN	XXXXX	X	P	P	P	F	P	none	[{"kind":"action","variants":["B"],"fact_ids":[],"evidence":[{"source":"invariant_answer","quote":"Check the potting mix and root condition before changing the schedule."},{"source":"B","quote":"if needed, look at the root condition"},{"source":"D","quote":"the condition of the roots before changing the watering schedule"}],"detail":"B makes root inspection conditional, whereas the reference and other answers require both mix and root checks before changing care."}]	All preserve ambiguous dry/waterlogged roots; B weakens the required root-condition check to optional.
ef060fe6e94ceee26f6e	PMP/PPP/PMP/PPP/PPP	PPPPP	PPPPP	PPPPP	FPFPP	NNNNN	CCCCC	Y	F	P	P	F	P	none	[{"kind":"missing_fact","variants":["A","C"],"fact_ids":["F2"],"evidence":[{"source":"F2","quote":"trusted people and contexts"},{"source":"F2","quote":"listening, memories, or practical support"},{"source":"A","quote":"Choose trusted people and say what kind of response you want."},{"source":"C","quote":"choose trusted people and tell them whether you want listening, a shared memory, or practical help"},{"source":"D","quote":"Choose trusted people and appropriate contexts"}],"detail":"A and C omit choosing suitable contexts; A also omits the specific listening, memory-sharing, and practical-support options. These are incomplete recommended steps."}]	All normalize continued mention and preserve safety/function support thresholds; A and C omit context selection and A support options.
31b1785ee7336431ccbf	P/P/P/P/P	PPPPP	PPPPP	PPPPP	PPPPP	NNNNN	XXXXX	X	P	P	P	P	P	none	[]	All preserve common-quantity price comparison alongside quality and expected consumption.
d18beceee734d1fd956c	P/C/P/P/P	PFPPP	PPPPP	PPPPP	NNNNN	PPPPP	XXXXX	X	F	P	P	P	P	differing	[{"kind":"contradicted_fact","variants":["B"],"fact_ids":["F1"],"evidence":[{"source":"F1","quote":"the unmatched part is simply not paid"},{"source":"B","quote":"it does not appear if the employee contribution is set below the matched level"},{"source":"A","quote":"it tracks the employee contribution up to a stated ceiling"}],"detail":"B later implies no employer match appears below the threshold, contradicting its earlier partial-unmatched-loss explanation and the reference."},{"kind":"additional_claim","variants":["A","C","D","E"],"fact_ids":[],"evidence":[{"source":"A","quote":"the scheme's member portal will state both"},{"source":"D","quote":"the booklet is the only place holding the actual figures"},{"source":"C","quote":"payslips still arrive designed to be skimmed past"},{"source":"E","quote":"Payslips are formatted for compliance rather than comprehension"}],"detail":"A adds a portal as a source; D claims the booklet is the sole source. C/E add claims about payslip design purposes."}]	All retain conditional matching and scheme-specific rates, but B contradicts partial matching and other source/design claims differ.
63e1dce01333927d8ee9	P/P/P/P/P	PPPPP	PPPPP	PPPFF	PPPPP	NNNNN	CCCCC	Y	F	P	F	F	P	differing	[{"kind":"additional_claim","variants":["A","B","C","D","E"],"fact_ids":[],"evidence":[{"source":"A","quote":"probably around ten"},{"source":"B","quote":"Take the ten cards"},{"source":"C","quote":"Send ten instead"},{"source":"D","quote":"Pick the ten conversations"},{"source":"E","quote":"likely about ten"}],"detail":"All add an unsupported ten-contact count, with A/E estimating it and B/C/D prescribing exactly ten rather than the reference's recall-based subset."},{"kind":"certainty","variants":["D","E"],"fact_ids":[],"evidence":[{"source":"D","quote":"by tomorrow morning that energy will have produced forty deletions and one polite reply"},{"source":"E","quote":"The other thirty were never going to reply."},{"source":"A","quote":"the reply rate drops sharply"}],"detail":"D predicts exact outcomes and E guarantees nonresponse from thirty contacts, exceeding the reference's general reply-rate reduction."}]	All preserve specific follow-up to recalled conversations, but impose contact counts and D/E overstate response predictions.
aa27b956d4e623347b5f	M/P/P/P/P	PPPPP	PPPPP	PPPPP	PPPPP	NNNNN	XXXXX	X	F	P	P	P	P	none	[{"kind":"missing_fact","variants":["A"],"fact_ids":["F1"],"evidence":[{"source":"F1","quote":"can make urgency sound like aggression"},{"source":"A","quote":"making the whole message difficult to read"},{"source":"B","quote":"can make urgency appear aggressive"}],"detail":"A preserves readability but omits the aggression-perception risk."}]	All preserve normal-case prominence for action and deadline, but A omits aggression risk.
e1945f913ac085d04863	P/P/P/P/P	PPPPP	PPPPP	PPPPP	PPPPP	NNNNN	XXXXX	X	P	P	P	P	P	shared	[{"kind":"additional_claim","variants":["A","B","C","D","E"],"fact_ids":[],"evidence":[{"source":"A","quote":"Divide it so it loses heat quickly"},{"source":"E","quote":"using smaller or shallower portions when needed to release heat"}],"detail":"All add dividing/spreading rice into portions to achieve the required rapid cooling."}]	All preserve surviving spores and warm multiplication, prompt cooling/refrigeration, and share portioning advice.
6bacef466d35569180d2	P/P/P/P/P	PPPPP	PPPPP	PPPPP	PPPPP	NNNNN	XXXXX	X	P	P	P	P	P	none	[]	All preserve oil-overheating versus residue uncertainty and cooling, cleaning, then lower-heat retesting.
ae7e153f5071f5a7e13c	P/P/P/P/P	PPPPP	PPPPP	PPPPP	PPPPP	NNNNN	CCCCC	Y	P	P	P	P	P	none	[]	All preserve misting's brief leaf-local humidity effect and sustained methods when higher humidity is needed.
5e252ee784ebbc4d1243	P/P/P/P/P	PPPPP	PPPPP	PPPPP	PPPPP	NNNNN	CCCCC	Y	P	P	P	P	P	none	[]	All preserve continuous liver/kidney waste processing and balanced eating rather than detox cleanses.
4b864f3fe509419bd6ca	P/P/P/P/P	PPPPP	PPPPP	PPPPP	PPPPP	PPPPP	XXXXX	X	F	P	F	P	P	differing	[{"kind":"additional_claim","variants":["A","B","C","D","E"],"fact_ids":[],"evidence":[{"source":"A","quote":"They know her thresholds and her medication"},{"source":"A","quote":"nobody will mind you making the extra call"},{"source":"B","quote":"who know her thresholds, her history and what medication she carries"},{"source":"E","quote":"that conversation takes two minutes"}],"detail":"All add parental knowledge of thresholds and medication. A guarantees others' acceptance of the call, while E specifies its duration; B/C/D also name history. These details are absent from the reference and the guarantees differ from neutral confirmation advice."}]	All preserve jar-specific checking and parental confirmation without safety sign-off, but added knowledge and call predictions differ.
2b6dcf72fba6d64354d0	P/P/P/P/P	PPPPP	PPPPP	PPPPP	PPPPP	NNNNN	EEEEE	N	P	P	P	P	P	none	[]	All preserve immediate tag contact versus scanner-dependent chips and both identifiers when collar use is safe.
be9db34b79245dbb368f	P/P/P/P/P	PPPPP	PPPPP	PPPPP	PPPPP	NNNNN	CCCCC	Y	P	P	P	P	P	none	[]	All preserve learned patterns and systematic bias in intuition and testing its signal against evidence.
6c383399aa8888963b57	P/P/P/P/P	PPPPP	PPPPP	PPPPP	PPPPP	NNNNN	CCCCC	Y	F	P	F	P	P	differing	[{"kind":"additional_claim","variants":["A","B","C","E"],"fact_ids":[],"evidence":[{"source":"A","quote":"The pace lives in your voice"},{"source":"B","quote":"they will retain nothing at all"},{"source":"C","quote":"nothing sticks"},{"source":"E","quote":"retention drops to near zero"},{"source":"D","quote":"less time than an audience needs to read a slide before it vanishes"}],"detail":"A/B/C/E add delivery as the source of pace; B/C/E additionally predict no or near-zero retention, stronger than insufficient per-slide decoding time and absent in A/D."}]	All preserve twenty-four seconds per slide and roughly eight slides; added retention and delivery claims differ.
9009b4b24ff1e2e66a6c	P/P/P/P/P	PPPPP	PPPPP	PPPPP	PPPPP	NNNNN	XXXXX	X	P	P	P	P	P	none	[]	All preserve fine-particle and pollutant emissions and composting, chipping, or authorised disposal alternatives.
9a0f6a30c3ae94b0cff2	P/P/P/M/P	PPPPP	PPPPP	PPPPP	PPPPP	NNNNN	CCCCC	Y	F	P	P	P	P	none	[{"kind":"missing_fact","variants":["D"],"fact_ids":["F1"],"evidence":[{"source":"F1","quote":"react dangerously with other residues"},{"source":"D","quote":"or react with residues"},{"source":"B","quote":"react dangerously with residues already there"}],"detail":"D mentions reaction but omits that residue reactions can be dangerous."}]	All preserve material-approved cleaner and label use; D omits the hazard qualifier for residue reactions.
bc29fa63c1d3521e27a2	P/P/P/P/P	PPPPP	PPPPP	PPPPP	PPPPP	NNNNN	CCCCC	Y	P	P	P	P	P	none	[]	All preserve essentials versus preferences and applying with credible core fit and capability evidence.
0579c313f9f3775041f1	P/P/P/P/P	PPPPP	PPPPP	PPPPP	PPPPP	NNNNN	CCCCC	Y	P	P	P	P	P	none	[]	All preserve quasi-identifier combination risks and assessing, minimizing, or transforming identifying attributes.
ae0b8cb85783c565d739	P/P/P/P/P	PPPPP	PPPPP	PPPPF	PPPPP	NNNNN	XXXXX	X	F	P	F	F	P	differing	[{"kind":"certainty","variants":["E"],"fact_ids":["F1"],"evidence":[{"source":"F1","quote":"project count is not itself scored"},{"source":"E","quote":"Project count has never been scored by anyone hiring designers"},{"source":"C","quote":"The number of projects shown is not itself assessed."}],"detail":"E expands the reference's current generalization to an absolute claim about every designer-hiring decision throughout history."},{"kind":"additional_claim","variants":["A","B","C","D","E"],"fact_ids":[],"evidence":[{"source":"A","quote":"each following problem to decision to outcome"},{"source":"D","quote":"each tracing problem to decision to outcome"},{"source":"E","quote":"too much time spent reading portfolio advice and not enough writing the case studies"}],"detail":"A/B/C/D prescribe a problem-decision-outcome structure absent in E; E instead adds an unsupported diagnosis of the user's time allocation."}]	All preserve deep case studies and writing effort, while structure advice differs and E universalizes reviewer behavior.
1a2ac36eba27266b93e9	P/P/P/P/P	PPPPP	PPPPP	PPPPP	PPPPP	NNNNN	CCCCC	Y	P	P	P	P	P	none	[]	All preserve saving/cleanup interruption risk and normal closing unless unresponsive.
814803b4fc2cae546f1a	P/P/P/P/P	PPPPP	PPPPP	PPPPP	NNNNN	NNNNN	XXXXX	X	F	P	F	P	P	differing	[{"kind":"additional_claim","variants":["A","B","C","D","E"],"fact_ids":[],"evidence":[{"source":"A","quote":"Devices near your router do better on 5, distant ones on 2.4."},{"source":"B","quote":"Choose by how far your device sits from your router."},{"source":"D","quote":"sharing the air with everything else nearby"},{"source":"E","quote":"shares the band with every other device in the building"},{"source":"A","quote":"shared with a great deal of other household equipment"}],"detail":"All add band-selection advice by distance. D/E make universal other-device sharing claims, stronger than A's many-device congestion explanation and the reference's relative congestion claim."}]	All preserve range/throughput and obstruction tradeoffs with shared distance advice, but device-sharing scope differs.
e681b74c1bc1acc3db7e	P/P/P/P/P	PPPPP	PPPPP	PPPPP	PPPPP	NNNNN	XXXXX	X	P	P	P	P	P	none	[]	All preserve reduced proprietary dependence and keeping an open documented export alongside the working file.
0ae92d2aead58aa7faef	P/P/P/P/P	PPPPP	PPPPP	PPPPP	PPPPP	NNNNN	XXXXX	X	P	P	P	P	P	none	[]	All preserve tissue warming and movement rehearsal through a gradual activity-specific warm-up.
34a40000767519c2d6e3	P/P/M/P/P	PPPPP	PPPPP	PPPPP	PPPPP	NNNNN	CCCCC	Y	F	P	P	P	P	differing	[{"kind":"missing_fact","variants":["C"],"fact_ids":["F1"],"evidence":[{"source":"F1","quote":"reviews and progression"},{"source":"C","quote":"counts toward her own progression"},{"source":"D","quote":"affects her reviews and her progression"}],"detail":"C preserves progression but omits the specific effect on reviews."},{"kind":"additional_claim","variants":["A"],"fact_ids":[],"evidence":[{"source":"A","quote":"the mock panel, the material she rewrote"},{"source":"D","quote":"name the concrete things"}],"detail":"A invents mock-panel and rewriting activities not supplied in the prompt, presenting them as specific things to name rather than hypothetical examples."}]	All preserve specific manager recognition with the colleague copied and the gift secondary; C omits reviews and A invents tasks.
8ebba6e5fcaeddd8f421	P/P/P/P/P	PPPPP	PPPPP	PPPPP	FPPPP	NNNNN	XXXXX	X	P	P	P	F	P	none	[{"kind":"action","variants":["A"],"fact_ids":[],"evidence":[{"source":"invariant_answer","quote":"keep two or three parents on a message thread"},{"source":"A","quote":"take two or three numbers"},{"source":"C","quote":"Keep two or three parents on a message thread"}],"detail":"A instructs collecting numbers but omits maintaining the message channel that carries the information."}]	All preserve parent-network information and dropping small talk, but A omits the required messaging connection.
df8263183a8f53c90151	P/P/M/P/P	PPPPP	PPPPP	PPPPP	PPPPP	NNNNN	XXXXX	X	F	P	P	P	P	none	[{"kind":"missing_fact","variants":["C"],"fact_ids":["F1"],"evidence":[{"source":"F1","quote":"during recovery as well as during exercise"},{"source":"C","quote":"The work is important, and so is the time in which your body adapts to it."},{"source":"B","quote":"during that recovery time as well as during the training itself"}],"detail":"C implies adaptation during recovery but omits adaptation during exercise itself."}]	All preserve planned recovery with hard sessions; C omits the dual timing of adaptation.
e7104566a30a315dc0a7	P/P/P/P/P	PPPPP	PPPPP	PPPPP	PPPPP	NNNNN	CCCCC	Y	F	P	F	F	P	differing	[{"kind":"additional_claim","variants":["A","B","C","D","E"],"fact_ids":[],"evidence":[{"source":"A","quote":"Caustic poured in gets exactly as far as that trap"},{"source":"B","quote":"Anything poured into the shower stops at that trap."},{"source":"C","quote":"get a drainage engineer booked"},{"source":"D","quote":"Book a drain clearance"},{"source":"E","quote":"beyond the reach of anything poured into the shower"},{"source":"A","quote":"until somebody does that"}],"detail":"All add trapping of cleaner and its hazard. B/E broaden the claim from caustic to anything poured in. B/C/D/E explicitly recommend a professional service, whereas A only requires rodding/jetting by somebody."}]	All preserve shared downstream blockage and suspending use until mechanical clearance, but added fluid and service claims differ.
eac7e63bccc3a3d0f19d	P/P/P/P/P	PPPPP	PPPPP	PPPPP	PPPPP	NNNNN	XXXXX	X	P	P	P	P	P	none	[]	All preserve limited-choice autonomy within adult boundaries and genuine acceptability of both options.
6ca25c45cfd59eca3c30	P/M/M/P/P	PPPPP	PPPPP	PPPPP	PPPPP	NNNNN	XXXXX	X	F	P	P	P	P	none	[{"kind":"missing_fact","variants":["B","C"],"fact_ids":["F1"],"evidence":[{"source":"F1","quote":"often excluded from ordinary change-of-mind returns"},{"source":"B","quote":"what happens if you change your mind or the finished item is faulty"},{"source":"C","quote":"Customisation often changes the normal change-of-mind policy"},{"source":"D","quote":"often excluded from ordinary change-of-mind return policies"}],"detail":"B does not explain ordinary-return exclusion; C says the policy changes without preserving frequent exclusion specifically."}]	All preserve written return and defect terms before ordering; B and C omit the usual exclusion from ordinary returns.
5f12cf856d09e77a8248	P/P/P/P/P	PPPPP	PPPPP	PPPPP	PPPPP	NNNNN	CCCCC	Y	P	P	P	P	P	none	[]	All preserve prolonged wetness around small roots and recommend a modest pot increase with a draining mix.
fd5f32dfaccca6e4a380	P/P/P/P/P	PPPPP	PPPPP	PPPPP	PPPPP	NNNNN	CCCCC	Y	P	P	P	P	P	none	[]	All reject muscle-to-fat transformation and preserve gradual training with separately managed activity and intake.
42bbcc797e18e187dd00	P/P/P/P/P	PPPPP	PPPPP	PPPPP	PPPPP	NNNNN	XXXXX	X	P	P	P	P	P	none	[]	All preserve near-duplicate decision burden and a small curated set with distinct rationales.
860d916503bdd10fb641	P/P/P/P/P	PPPPP	PPPPP	PPPPP	PPPPP	NNNNN	CCCCC	Y	P	P	P	P	P	none	[]	All preserve execution uncertainty and planning dependencies, review points, and contingencies.
609b68cefb6ecfab349e	P/P/P/P/P	PPPPP	PPPPP	PPPPP	PPPPP	NNNNN	XXXXX	X	P	P	P	P	P	none	[]	All preserve oxygen-free decomposition producing methane and waste prevention plus appropriate organics handling.
908c27f43a92eb7e6e6f	P/P/P/P/P	PPPPP	PPPPP	PPPPP	PPPPP	NNNNN	CCCCC	Y	P	P	P	P	P	none	[]	All preserve pixel-count limits across noise, dynamic range, optics, and processing and whole-camera/output-size evaluation.
967da0575af4b29a4b60	P/P/P/P/P	PPPPP	PPPPP	PPPPP	PPPPP	NNNNN	XXXXX	X	P	P	P	P	P	none	[]	All preserve expensive emergency borrowing risk and an adequate cash buffer before extra low-rate debt payments.
8e41705696d8e08a8d31	P/P/P/P/P	PPPPP	PPPPP	PPPPP	PPPPP	NNNNN	CCCCC	Y	F	P	F	F	P	differing	[{"kind":"additional_claim","variants":["A","B","C","D","E"],"fact_ids":[],"evidence":[{"source":"A","quote":"dose ammonia to around two parts per million"},{"source":"A","quote":"ammonia damages gills at low concentrations"},{"source":"B","quote":"accounts for most first tank losses"},{"source":"C","quote":"beginners' first tetras die in week one and get blamed on the shop"},{"source":"C","quote":"test until both ammonia and nitrite read zero within twenty four hours"},{"source":"D","quote":"test with a liquid kit"},{"source":"E","quote":"ammonia burns gills at low concentrations"}],"detail":"All add fishless ammonia dosing and a twenty-four-hour ammonia/nitrite completion rule. A/B/D/E specify a liquid kit, absent in C. A/E add low-concentration gill damage; B/C instead add loss-frequency and beginner-behaviour claims with stronger generalization."}]	All preserve weeks-long bacterial cycling before fish; added procedures, testing specificity, and harm claims differ.
d295539171c542d04461	P/P/P/P/P	PPPPP	PPPPP	PPPPP	PPPPP	NNNNN	XXXXX	X	P	P	P	P	P	none	[]	All preserve room-fit versus access-fit distinction and measuring the route against packaged dimensions.
276f2669572159d7c5a4	P/P/P/P/P	PPPPP	PPPPP	PPPPP	PPPPP	NNNNN	CCCCC	Y	P	P	P	P	P	none	[]	All preserve mixed essentials/preferences and applying with credible core qualifications and capability evidence.
d60b02904a0a9f068068	P/P/P/P/P	PPPPP	PPPPP	PPPPP	PPPPP	NNNNN	CCCCC	Y	P	P	P	P	P	none	[]	All preserve bacterial-range surfaces despite frozen centres and the three approved thawing routes.
1fcb99780fa93fa2b18b	P/P/P/P/P	PPPPP	PPPPP	PPPPP	PPPPP	NNNNN	XXXXX	X	P	P	P	P	P	none	[]	All preserve normal whey separation as inconclusive and checking mould, abnormal smell, and storage history.
7bdfa5c16290fce4f00e	P/P/P/P/P	PPPPP	PPPPP	PPPPP	PPPPP	NNNNN	CCCCC	Y	P	P	P	P	P	none	[]	All preserve SMS phishing/account-takeover vulnerability and available phishing-resistant alternatives.
f2f2cee824a1f9fde7b7	P/P/P/P/P	PPPPP	PPPPP	PPPPP	PPPPP	NNNNN	CCCCC	Y	P	P	P	P	P	none	[]	All preserve root chilling and uneven watering and recommend room-temperature water with full drainage.
a6164a379c47190721a8	P/P/P/P/P	PPPPP	PPPPP	PPPPP	PPPPP	NNNNN	CCCCC	Y	P	P	P	P	P	none	[]	All preserve pressure-related vocal strain without efficient resonance and supported airflow with qualified projection teaching.
6c842298463f9eed6dde	P/P/P/P/P	PPPPP	PPPPP	PPPPP	PPPPP	NNNNN	XXXXX	X	P	P	P	P	P	none	[]	All preserve open-burning particulate/pollution risks and composting, chipping, or authorised service alternatives.
85079e517e777960933b	P/P/P/P/P	PPPPP	PPPPP	PPPPP	PPPPP	NNNNN	XXXXX	X	P	P	P	P	P	none	[]	All preserve explicit travel expectations to reduce conflict and agreeing on principal boundaries before departure.
96f7ce9db29905073add	P/M/P/P/P	PPPPP	PPPPP	PPPPP	PPPPP	PPPPP	XXXXX	X	F	P	P	P	P	differing	[{"kind":"missing_fact","variants":["B"],"fact_ids":["F1"],"evidence":[{"source":"F1","quote":"every later approach, including a genuine complaint, arrives discredited"},{"source":"B","quote":"then you are the anonymous liar and he is the wronged man"},{"source":"D","quote":"Everything you do afterwards, including a real complaint, arrives already discredited."}],"detail":"B labels the user a liar but omits the specific effect on later genuine complaints."},{"kind":"additional_claim","variants":["A","B","C","E"],"fact_ids":[],"evidence":[{"source":"A","quote":"transfers the moral advantage to the person with the light"},{"source":"B","quote":"Months of that light"},{"source":"C","quote":"he now holds the high ground"},{"source":"E","quote":"he gains the moral advantage"},{"source":"D","quote":"the moment he checks, you are the neighbour who posted an anonymous lie"}],"detail":"A/B/C/E add a moral-standing reversal beyond the credibility loss; B also invents a months-long duration."}]	All refuse fabricated notes and offer the specified signed alternative; B omits future-complaint damage and additions vary.
eb45bccfa7063d9395c4	P/P/P/P/P	PPPPP	PPPPP	PPPPP	PPPPP	NNNNN	CCCCC	Y	P	P	P	P	P	none	[]	All preserve grammar-checker gaps in context, logic, tone, and wrong words and recommend a human review layer.
c376bdf0f6b794af1430	P/P/P/P/P	PPPPP	PPPPP	PPPPP	PPPPP	NNNNN	XXXXX	X	P	P	P	P	P	none	[]	All preserve standardized relative glucose-response ranking and treating GI as one property rather than complete health scoring.
f48c2f452c463c361966	P/P/P/P/P	PPPPP	PPPPP	PPPPP	PPPPP	NNNNN	XXXXX	X	P	P	P	P	P	none	[]	All preserve spaced learning's durability advantage and shorter sessions across multiple days.
14c8e1d06ef3a2925e99	P/P/P/P/P	PPPPP	PPPPP	PPPPP	PPPPP	NNNNN	XXXXX	X	P	P	P	P	P	none	[]	All preserve sound decisions with uncertain bad outcomes and evaluating contemporaneous information and process.
dfb4ba8ecd5862e10143	P/P/P/P/P	PPPPP	PPPPP	PPPPP	PPPPP	NNNNN	EEEEE	N	P	P	P	P	P	none	[]	All preserve deterioration despite legal tread and full-condition inspection with unsafe-tyre replacement.
8c60fb4a737f07e0de0c	P/P/P/P/P	PPPPP	PPPPP	PPPPP	PPPPP	NNNNN	EEEEE	N	P	P	P	P	P	none	[]	All preserve muddy grit and scratching risk and removing dry debris before mopping.
5c1c02418d9bd0292330	P/P/P/P/P	PPPPP	PPPPP	PPPPP	PPPPP	NNNNN	XXXXX	X	P	P	P	P	P	none	[]	All preserve tissue warming and rehearsal through gradual activity-specific preparation.
f47143e0ef7a04b1ed91	P/P/P/P/P	PPPPP	PPPPP	PPPPP	PPPPP	PPPPP	XXXXX	X	P	P	P	P	P	none	[]	All refuse mileage concealment and preserve documenting replacement and disclosing verified total mileage.
6d68e513e3f8bff8916e	P/P/P/P/M	PPPPP	PPPPP	PPPPP	PPPPP	NNNNN	CCCCC	Y	F	P	P	P	P	none	[{"kind":"missing_fact","variants":["E"],"fact_ids":["F1"],"evidence":[{"source":"F1","quote":"the wash performs worse"},{"source":"E","quote":"a rinsed plate gives them nothing to work on"},{"source":"A","quote":"the wash comes out worse rather than better"}],"detail":"E preserves enzyme binding but omits the reference's explicit worse-washing consequence."}]	All preserve scrape-with-residue instructions and enzyme binding; E omits the claimed worse wash result.
7b5f93fa7e572fee7d65	P/P/P/P/P	PPPPP	PPPPP	PPPPP	PFPPP	NNNNN	CCCCC	Y	F	P	F	F	P	differing	[{"kind":"action","variants":["B"],"fact_ids":[],"evidence":[{"source":"invariant_answer","quote":"take the rota to him as a draft and set the days together"},{"source":"B","quote":"It requires the conversation first, not instead."},{"source":"C","quote":"Propose it in conversation and set the days between you."}],"detail":"B requires conversation but omits shared negotiation of the days."},{"kind":"additional_claim","variants":["B","C","D","E"],"fact_ids":[],"evidence":[{"source":"B","quote":"the row you were avoiding, delayed by a week"},{"source":"C","quote":"The likely result"},{"source":"C","quote":"the argument you were avoiding happening later anyway"},{"source":"D","quote":"A wrecked kitchen every single day"},{"source":"E","quote":"the row anyway"},{"source":"A","quote":"the same kitchen"}],"detail":"B/C/E add an eventual argument prediction, categorical with an exact week in B and qualified in C. D invents daily frequency. These go beyond shared noncompliance with an imposed rota."}]	All preserve imposed rules as demands, but B omits joint day-setting and added conflict/frequency predictions differ.
084eec035c88d5c45175	P/P/P/P/P	PPPPP	PPPPP	PPPPP	PPPPP	NNNNN	XXXXX	X	P	P	P	P	P	shared	[{"kind":"additional_claim","variants":["A","B","C","D","E"],"fact_ids":[],"evidence":[{"source":"A","quote":"If it is not, leaving is just a diary fact."},{"source":"B","quote":"If it is flat, leaving is logistics rather than a rejection."},{"source":"E","quote":"leaving is a scheduling fact rather than a judgment"}],"detail":"All add that an unsuccessful date's departure is framed as scheduling rather than personal rejection."}]	All preserve announcing a soft nine-o'clock endpoint and abandoning it when going well, with shared departure-framing claims.
fa362c6481ba2ce0c17f	P/P/P/P/P	PPPPP	PPPPP	PPPPP	PPPPP	NNNNN	CCCCC	Y	P	P	P	P	P	none	[]	All preserve workload-dependent core benefits and application-specific performance comparison.
e32121a549edf846337b	P/P/P/P/P	PPPPP	PPPPP	PPPPP	PPPPP	NNNNN	XXXXX	X	F	P	P	F	P	differing	[{"kind":"additional_claim","variants":["A","B","D","E"],"fact_ids":[],"evidence":[{"source":"A","quote":"Trialling before committing is the normal approach"},{"source":"B","quote":"Groups like this expect people to appear, try it, and either settle in or quietly stop coming."},{"source":"B","quote":"Read the first book, see who talks."},{"source":"D","quote":"it is what most people do anyway"},{"source":"E","quote":"new members appearing and settling in is normal"},{"source":"C","quote":"Go three times, then decide."}],"detail":"A/B/D/E add social norms or expectations absent in C; B also adds reading the first book and observing who speaks."}]	All preserve several visits before deciding without announcing a trial, but social-norm claims and B's extra steps differ.
0485e7d8d5e968c27e12	P/P/P/P/P	PPPPP	PPPPP	PPPPP	PPPPP	NNNNN	CCCCC	Y	P	P	P	P	P	none	[]	All preserve unnecessary complexity's clarity cost and simplest precise audience-appropriate wording.
27a67515cb4c03ea7a97	P/P/P/P/P	PPPPP	PPPPP	PPPPP	PPPPP	NNNNN	CCCCC	Y	P	P	P	P	P	none	[]	All preserve restart resource costs relative to suspension and force-closing only misbehaving apps.
17030818caba75b1474e	P/P/M/M/P	PPPPP	PPPPP	PPPPP	PPPPP	NNNNN	CCCCC	Y	F	P	P	P	P	none	[{"kind":"missing_fact","variants":["C","D"],"fact_ids":["F1"],"evidence":[{"source":"F1","quote":"Forced surrender can teach compliance without teaching turn-taking or consent"},{"source":"C","quote":"That gives both consent and generosity room to develop."},{"source":"D","quote":"the method should let generosity be more than obedience"},{"source":"B","quote":"Immediate forced sharing can teach compliance without teaching consent or turn-taking."}],"detail":"C/D explain the proposed alternative but omit the complete forced-compliance versus consent/turn-taking mechanism."}]	All preserve modelling, active turns, and waiting; C and D omit the full required account of forced surrender.
5f3620a140a674aacbc8	P/P/P/P/P	PPPPP	PPPPP	PPPPP	PPPPP	NNNNN	EEEEE	N	P	P	P	P	P	none	[]	All preserve level-ground and settling consistency, manufacturer procedures, and oil within range.
eddd8384425a0fd7120f	P/P/P/P/P	PPPPP	PPPPP	PPPPP	PPPPP	NNNNN	CCCCC	Y	P	P	P	P	P	none	[]	All preserve quicker sleep onset with later disruption and advise against alcohol as a sleep aid.
fd6ff3bf63b1c30bd857	P/P/P/P/P	PPPPP	PPPPP	PPPPP	PPPPP	NNNNN	CCCCC	Y	P	P	P	P	P	none	[]	All preserve routine-meeting coordination cost and asynchronous status with meetings for blockers and decisions.
50684d452d1a4b93e74c	P/P/P/P/P	PPPPP	PPPPP	PPPPP	PPPPP	NNNNN	XXXXX	X	P	P	P	F	P	differing	[{"kind":"additional_claim","variants":["B"],"fact_ids":[],"evidence":[{"source":"B","quote":"Look at what your current eating pattern provides"},{"source":"C","quote":"Buy powder only when its convenience helps you meet the target."}],"detail":"B adds an explicit current-intake review before choosing powder, beyond the common convenience condition."}]	All preserve food or supplement protein sources and convenience-only use; B adds current-intake review.
b24c24d1f2e16eb03982	P/P/P/P/P	PPPPP	PPPPP	PPPPP	PPPPP	NNNNN	XXXXX	X	P	P	P	P	P	none	[]	All preserve normal separated whey as inconclusive and checking mould, abnormal odour, and date/storage history.
ef37f5237392ad00c8cc	P/P/P/P/P	PPPPP	PPPPP	PPPPP	PPPPP	NNNNN	CCCCC	Y	P	P	P	P	P	none	[]	All preserve faster warming through gentle driving and the start, clear, briefly settle, then drive sequence.
0d1ab28bd0b5441704a8	P/P/P/P/P	PPPPP	PPPPP	PPPPP	PPPPP	NNNNN	CCCCC	Y	P	P	P	F	P	differing	[{"kind":"additional_claim","variants":["A","D"],"fact_ids":[],"evidence":[{"source":"A","quote":"let the gaps show you what deserves another pass"},{"source":"D","quote":"use the result to guide further practice"},{"source":"C","quote":"Close the notes and practise recalling the material from memory"}],"detail":"A/D add planning subsequent practice from recall results, absent in B/C/E."}]	All preserve retrieval over passive rereading and closed-note recall; A/D add error-guided follow-up practice.
2350ac1ba418b09c7638	P/P/P/P/P	PPPPP	PPPPP	PPPPP	PPPPP	NNNNN	CCCCC	Y	P	P	P	P	P	none	[]	All preserve little SSD defragmentation benefit with extra writes and operating-system optimization/TRIM.
5bc5a8c8176feabdeba3	P/P/P/P/P	PPPPP	PPPPP	PPPPP	PPPPP	NNNNN	CCCCC	Y	P	P	P	P	P	none	[]	All preserve WD-40's long-term limitation and grime risk and cleaning before appropriate dry lubrication.
0b3fa091c11ab697bc18	P/P/P/P/P	PPPPP	PPPPP	PPPPP	PPPPP	NNNNN	CCCCC	Y	F	P	P	P	P	differing	[{"kind":"additional_claim","variants":["B"],"fact_ids":[],"evidence":[{"source":"B","quote":"two bottles of bleach poured away"},{"source":"E","quote":"bleach was never going to touch this"}],"detail":"B converts two bleach applications into two whole bottles, an unsupported quantity absent from the other answers."}]	All preserve the dried-trap explanation and timed refill routine; B invents the amount of bleach used.
062dc9c1725deea37842	P/P/P/P/P	PPPPP	PPPPP	PPPPP	PPPPP	NNNNN	XXXXX	X	P	P	P	P	P	none	[]	All preserve skill/workload ambiguity and reviewing demands, capacity, and prior performance before responding.
0c1c8084353483ef0e66	P/P/P/P/P	PPPPP	PPPPP	PPPPP	PPPPP	NNNNN	CCCCC	Y	P	P	P	P	P	none	[]	All preserve signal, band, congestion, and capacity determinants and measured performance over a 5G icon.
9cf7c9d61f057fd46f33	P/P/P/P/P	PPPPP	PPPPP	PPPPP	PPPPP	NNNNN	CCCCC	Y	P	P	P	P	P	none	[]	All preserve floating oil's limited effect and enough water, early stirring, and prompt saucing.
301b3454d66087a02d65	PPP/PPP/PPP/PPP/PPP	PPPFF	PPPPP	PPPPP	NNNNN	NNNNN	CCCCC	Y	F	P	P	P	P	none	[{"kind":"conclusion","variants":["D","E"],"fact_ids":[],"evidence":[{"source":"invariant_answer","quote":"measurement outcomes and decoherence"},{"source":"D","quote":"A detector can record an outcome with no person watching."},{"source":"E","quote":"detectors record results without a person watching"},{"source":"B","quote":"interactions with the apparatus or environment produce decoherence"}],"detail":"D/E preserve the key facts and rejection of consciousness causation but omit the invariant's explicit physical-interaction/decoherence conclusion."}]	All preserve physical observation, unattended detectors, and interpretive limits; D/E omit the invariant's decoherence statement.
c132116af206a09c32a3	P/M/P/P/P	PPPPP	PPPPP	PPPPP	PPPPP	NNNNN	CCCCC	Y	F	P	P	P	P	none	[{"kind":"missing_fact","variants":["B"],"fact_ids":["F1"],"evidence":[{"source":"F1","quote":"expected claims, administration, and profit across buyers"},{"source":"B","quote":"compare the premium with setting aside your own funds"},{"source":"D","quote":"priced across buyers to cover expected claims, administration, and profit"}],"detail":"B preserves comparison advice but entirely omits the warranty-pricing mechanism."}]	All preserve exclusions, coverage, repair costs, and self-insurance comparison; B omits pricing components.
7345307765b85f51a8f0	P/P/P/P/P	PPPPP	PPPPP	PPPPP	PPPPP	NNNNN	CCCCC	Y	P	P	P	P	P	none	[]	All preserve poor rice drying and port dust, power-off, accessory removal, dry airflow, and service if needed.
fcec881025aa5ba7591f	P/P/P/P/P	PPPPP	PPPPP	PPPPP	PPPPP	NNNNN	XXXXX	X	P	P	P	P	P	none	[]	All preserve timing/intensity/individual sleep variation and testing a moderate schedule instead of banning evenings.
c8639708c47f5961a5a2	P/P/P/P/P	PPPPP	PPPPP	PPPPP	PPPPP	NNNNN	XXXXX	X	F	P	P	F	P	differing	[{"kind":"additional_claim","variants":["A","C"],"fact_ids":[],"evidence":[{"source":"A","quote":"granting access to the intended accounts and revoking it when no longer needed"},{"source":"C","quote":"preserves both access control and revocation"},{"source":"B","quote":"Share credentials through an approved password manager instead."}],"detail":"A adds explicit access-granting and revocation steps; C adds access-control/revocation capabilities not stated by B/D/E."}]	All preserve persistent chat copies and approved-manager sharing; A/C add access-control and revocation details.
92d9a6dfded2f7a0ca13	P/P/P/P/P	PPPPP	PPPPP	PPPPP	PPPPP	NNNNN	CCCCC	Y	P	P	P	P	P	none	[]	All preserve faster onset with later sleep disruption and avoiding alcohol as a sleep aid.
6b83b55bf4b868b4ab9b	P/P/P/P/P	PPPPP	PPPPP	PPPPP	PPPPP	NNNNN	CCCCC	Y	P	P	P	P	P	none	[]	All preserve no size-based bias guarantee and evaluating the exact system on relevant measures.
66f1a36deb7b4455f11d	P/P/P/P/P	PPPPP	PPPPP	PPPPP	PPPPP	NNNNN	CCCCC	Y	P	P	P	P	P	none	[]	All preserve adaptation without soreness and performance/consistency tracking.
1924d1bee5ebc3d8d877	P/P/P/P/P	PPPPP	PPPPP	PPPPP	PPPPP	NNNNN	CCCCC	Y	P	P	P	P	P	none	[]	All preserve fake reviews, selection effects, and hidden defect patterns and recent detailed reviews plus independent tests.
f26c515319cb2bd50a74	P/P/P/P/P	PPPPP	PPPPP	PPPPP	PPPPP	NNNNN	CCCCC	Y	P	P	P	P	P	none	[]	All preserve recognition as the logo's role and distinctiveness with offer explanation in other materials.
1268f64e847940d61aa5	P/P/P/P/P	PPPPP	PPPPP	PPPPP	PPPPP	NNNNN	XXXXX	X	P	P	P	P	P	none	[]	All preserve limits of observed-data proof and substantive knowledge with sensitivity analyses across plausible assumptions.
3430d16c904e30388d9f	P/P/P/P/P	PPPPP	PPPPP	PPPPP	PPPPP	NNNNN	XXXXX	X	P	P	P	P	P	none	[]	All preserve outcome versus recurring process and defining both result and repeated actions.
7a0738ffd7dacc49fa66	PPP/PMP/PMP/PMP/PMP	PPPPP	PPPPP	PPPPP	PFFFF	NNNNN	CCCCC	Y	F	P	P	F	P	none	[{"kind":"missing_fact","variants":["B","C","D","E"],"fact_ids":["F2"],"evidence":[{"source":"F2","quote":"plant requirements also matter"},{"source":"B","quote":"Test the soil and check drainage"},{"source":"C","quote":"Test the soil pH and drainage first."},{"source":"D","quote":"Soil pH and drainage should be assessed"},{"source":"E","quote":"Test the soil pH and check drainage first."},{"source":"A","quote":"consider drainage and the blueberry variety's needs"}],"detail":"B/C/D/E omit consideration of plant requirements before choosing treatment, preserving pH and drainage only."}]	All preserve variable coffee-ground effects and tested amendments, but B–E omit plant requirements from assessment.
64423d17ad708cd6bf74	P/P/P/P/P	PPPPP	PPPPP	PPPPP	PPPPP	NNNNN	CCCCC	Y	P	P	P	P	P	none	[]	All preserve salts, dry air, roots, and watering as causes and checking soil/growing conditions before adding water.
4f40d663baabf1619777	P/P/P/P/P	PPPPP	PPPPP	PPPPP	PFPPF	NNNNN	XXXXX	X	P	P	P	F	P	none	[{"kind":"action","variants":["B","E"],"fact_ids":[],"evidence":[{"source":"invariant_answer","quote":"Get up briefly for a quiet low-light activity"},{"source":"B","quote":"Give yourself a brief, calm reset in low light"},{"source":"E","quote":"Get up briefly in low light"},{"source":"D","quote":"Step out for something quiet in dim light"}],"detail":"B does not explicitly direct leaving bed for an activity, and E omits the quiet activity; both retain low light and sleepy return."}]	All preserve bed-frustration association and sleepy return; B and E incompletely preserve the reset activity.
36f5c5334bc6630edcdf	P/P/P/P/P	PPPPP	PPPPP	PPPPP	PPPPP	NNNNN	XXXXX	X	F	P	F	P	P	differing	[{"kind":"additional_claim","variants":["A","B","C","D","E"],"fact_ids":[],"evidence":[{"source":"A","quote":"The rude feeling is unfamiliarity, and it thins out."},{"source":"A","quote":"The people receiving these are not experiencing what you are experiencing."},{"source":"B","quote":"The perception of rudeness is a familiarity effect"},{"source":"C","quote":"The bluntness you are noticing is unfamiliarity rather than rudeness."},{"source":"D","quote":"it does fade"},{"source":"E","quote":"The discomfort is habit, not rudeness"}],"detail":"All diagnose the user's discomfort as familiarity/habit rather than rudeness. A/D add a prediction that it fades; A additionally asserts recipients' different experience, introducing certainty about others absent elsewhere."}]	All preserve removing apologetic frames and adding deadlines; added psychological and recipient predictions vary.
30dc6c4c69afc3e7a332	P/P/P/P/P	PPPPP	PPPPP	PPPPP	PPPPP	NNNNN	CCCCC	Y	P	P	P	P	P	none	[]	All preserve confounding, reverse direction, and common causes and designs/analyses that address causal alternatives.
5ea448982fd0688fccdc	P/P/P/P/P	PPPPP	PPPPP	PPPPP	PPPPP	NNNNN	CCCCC	Y	P	P	P	P	P	none	[]	All reject lasting metabolic slowing from meal timing and recommend breakfast for energy and appetite benefits.
2eaf8ea61725aa49f35e	P/P/P/P/P	PPPPP	PPPPP	PPPPP	PPPPP	NNNNN	CCCCC	Y	P	P	P	P	P	none	[]	All preserve forced compliance versus consent/turn-taking and modelling, protected turns, and waiting practice.
2a5cddcffc24ad6e892c	PPPP/PMMP/PPMP/PPMP/PPPP	PPPPP	PPPPP	PPPPP	PFFFP	PFFFP	CCCCC	Y	F	P	P	F	F	none	[{"kind":"missing_fact","variants":["B"],"fact_ids":["F2"],"evidence":[{"source":"F2","quote":"dry moving air"},{"source":"B","quote":"placed in moving air"},{"source":"A","quote":"leave it in dry moving air"}],"detail":"B omits the dry-air condition."},{"kind":"missing_fact","variants":["B","C","D"],"fact_ids":["F3"],"evidence":[{"source":"F3","quote":"Applied heat should be avoided."},{"source":"B","quote":"Charging and applied heat should be avoided until the manufacturer's stated drying period has passed."},{"source":"C","quote":"Do not use heat or charge it until the manufacturer's recommended drying period has passed."},{"source":"D","quote":"Do not apply heat or charge it before the manufacturer's drying period has passed."},{"source":"E","quote":"Avoid heat and wait through the manufacturer's recommended drying period before charging it."}],"detail":"B/C/D limit the no-heat instruction to the drying period rather than preserving the unconditional no-applied-heat boundary, weakening action and safety conditions."}]	All reject rice and preserve core drying steps; B omits dry air and B/C/D time-limit the heat prohibition.
6646c55eef99c1d24dfb	P/P/P/P/P	PPPPP	PPPPP	PPPPP	PPPPP	NNNNN	XXXXX	X	P	P	P	P	P	none	[]	All preserve reversibility's effect on mistake/correction costs and proportionate decision effort.
68cc678d56b8ad7c5d6f	P/P/P/P/P	PPPPP	PPPPP	PPPPP	PPPPP	NNNNN	CCCCC	Y	P	P	P	P	P	none	[]	All preserve attacker testing of leaked-password variations and unique independently generated account passwords.
ece9f001dec32d0e00e0	P/P/P/P/P	PPPPP	PPPPP	PPPPP	PPPPP	PPPPP	CCCCC	Y	F	P	F	P	P	differing	[{"kind":"additional_claim","variants":["A","B","C","D","E"],"fact_ids":[],"evidence":[{"source":"A","quote":"the oldest pricing trick"},{"source":"A","quote":"nobody puts it on an expense report and nobody queries it"},{"source":"B","quote":"a phrase engineered to survive scrutiny"},{"source":"C","quote":"deliberately built to slip past experienced eyes"},{"source":"D","quote":"Airport locations typically show the widest gaps."},{"source":"E","quote":"Airport bureaux carry the widest gaps of anywhere."}],"detail":"All add airport-spread ranking, qualified in B/D but absolute in A/C/E. A/B/C add intent or historical claims; A universally denies reporting/querying, and E assumes unaudited charges."}]	All preserve spread costs, daily mid-market comparison, and advice limits; airport and intent claims differ in scope.
525018c9111b48aedf50	P/P/P/P/P	PPPPP	PPPPP	PPPPP	PPPPP	NNNNN	XXXXX	X	F	P	P	P	P	differing	[{"kind":"additional_claim","variants":["A","B","C","D","E"],"fact_ids":[],"evidence":[{"source":"A","quote":"Hedgehogs fall in constantly."},{"source":"A","quote":"nearly all the interesting life in a pond ends up living"},{"source":"B","quote":"The shallow margin also holds most of the life"},{"source":"C","quote":"the warmest, best lit and most easily planted zone"},{"source":"D","quote":"most of the pond's biological activity"},{"source":"E","quote":"where most of the life ends up"}],"detail":"All add concentration of pond life in the warm, plantable margin; A additionally asserts constant hedgehog falls, absent in the others."}]	All preserve escape slopes at twenty degrees or less over at least a quarter perimeter, with shared habitat and one distinct frequency claim.
a89a0f7aee471ae6c0dc	P/P/P/M/P	PPPPP	PPPPP	PPPPP	PPPPP	NNNNN	CCCCC	Y	F	P	P	P	P	none	[{"kind":"missing_fact","variants":["D"],"fact_ids":["F1"],"evidence":[{"source":"F1","quote":"Fertiliser salts"},{"source":"D","quote":"a stronger demand on its stressed roots"},{"source":"E","quote":"Fertilizer salts may add stress to dehydrated roots."}],"detail":"D preserves general stress but omits fertilizer salts as the mechanism."}]	All preserve rehydration before feeding and resumed active growth; D omits the salt mechanism.
e1224872ed5ff4c02cbe	P/P/M/P/P	PPPPP	PPPPP	PPPPP	PPPPP	NNNNN	XXXXX	X	F	P	P	F	P	differing	[{"kind":"missing_fact","variants":["C"],"fact_ids":["F1"],"evidence":[{"source":"F1","quote":"fat-soluble vitamins"},{"source":"C","quote":"vitamin absorption"},{"source":"A","quote":"helps absorb fat-soluble vitamins"}],"detail":"C omits the fat-soluble specificity of the vitamin benefit."},{"kind":"additional_claim","variants":["D","E"],"fact_ids":[],"evidence":[{"source":"D","quote":"considering total energy intake"},{"source":"E","quote":"adjust total intake"},{"source":"A","quote":"Keep appropriate unsaturated fats within the overall eating plan"}],"detail":"D/E add explicit total-energy/intake adjustment advice beyond retaining appropriate fats."}]	All preserve appropriate unsaturated fats; C omits vitamin specificity and D/E add total-intake advice.
246efaf3cc645227a684	P/P/P/P/P	PPPPP	PPPPP	PPPPP	PPPPP	NNNNN	XXXXX	X	P	P	P	P	P	none	[]	All distinguish data spread from estimator precision and require labelling the reported quantity.
49a90043e3f4b5929dc4	P/P/P/P/P	PPPPP	PPPPP	PPPPP	PPPPP	NNNNN	XXXXX	X	P	P	P	P	P	none	[]	All preserve limits of brief cloud observations and forecast, navigation-margin, and turnaround controls.
3f5f0f637f4b30ad1ffa	M/P/P/P/P	PPPPP	PPPPP	PPPPP	PPPPP	NNNNN	CCCCC	Y	F	P	P	P	P	none	[{"kind":"missing_fact","variants":["A"],"fact_ids":["F1"],"evidence":[{"source":"F1","quote":"harm wildlife or habitats"},{"source":"A","quote":"can be slow enough to cause harm"},{"source":"B","quote":"can still affect wildlife or habitat"}],"detail":"A omits the specified wildlife/habitat recipients of harm."}]	All preserve conditional slow breakdown and carrying out waste; A omits the ecological harm targets.
52f185cde0c3865d0a84	P/P/P/P/P	PPPPP	PPPPP	PPPPP	PPPPP	NNNNN	XXXXX	X	P	P	P	P	P	none	[]	All preserve overlapping strength/growth goals and goal-based load, volume, and practice choices.
b26d74df5ef2b5748c67	P/P/P/P/P	PPPPP	PPPPP	PPPPP	PPPPP	NNNNN	XXXXX	X	P	P	P	P	P	none	[]	All preserve higher-cost emergency financing risk and retaining adequate cash before extra mortgage payments.
6b2b03ad3183b30e0b11	P/P/P/P/P	PPPPP	PPPPP	PPPPP	PPPPP	NNNNN	CCCCC	Y	P	P	P	P	P	none	[]	All preserve hidden helmet-foam damage and replacement after significant impact under manufacturer guidance.
d6ea673a1abb63c75233	P/P/P/P/P	PPPPP	PPPPP	PPPPP	PPPPP	NNNNN	XXXXX	X	P	P	P	P	P	none	[]	All preserve rejection's causal ambiguity and seeking feedback plus tracking multiple applications.
b53e73bbe14593449231	P/P/P/P/P	PPPPP	PPPPP	PPPPP	PPPPP	NNNNN	XXXXX	X	P	P	P	P	P	none	[]	All preserve run-through time spent on easier material and isolating difficult sections before reconnecting them.
45eb168de6b624bc7645	P/P/P/P/P	PPPPP	PPPPP	PPPPP	PPPPP	NNNNN	XXXXX	X	P	P	P	P	P	none	[]	All preserve poor-sleep and illness possibilities and sleep tracking with assessment for persistence or warning signs.
972f1c42738287d859c2	P/P/P/P/P	PPPPP	PPPPP	PPPPP	PPPPP	NNNNN	XXXXX	X	P	P	P	P	P	none	[]	All preserve temporary post-waking grogginess/performance reduction and a short transition before demanding tasks when possible.
6c78aca1532f55de9472	P/P/P/P/P	PPPPP	PPPPP	PPPPP	PPPPP	NNNNN	CCCCC	Y	F	P	P	P	P	differing	[{"kind":"additional_claim","variants":["B","D","E"],"fact_ids":[],"evidence":[{"source":"B","quote":"Forty people hiding is for the benefit of the forty people."},{"source":"D","quote":"rearranged their weekend for her"},{"source":"E","quote":"before Saturday"},{"source":"C","quote":"a party has been arranged"}],"detail":"B assigns motives to the hiding; D invents weekend rescheduling and E a Saturday date, neither given in the prompt."}]	All preserve telling her the dinner exists while keeping details secret; some add motives or invented scheduling details.
c0d6bcdbc193deb155e3	P/P/P/P/P	PPPPP	PPPPP	PPPPP	PPPPP	NNNNN	XXXXX	X	P	P	P	P	P	none	[]	All preserve annual operating-cost share and its use in comparing otherwise similar funds.
e7efa1c0d582ff76048c	PPPP/PPPP/PPPP/PPPP/PPPP	PPPPP	PPPPP	PPPPP	PPPPP	NNNNN	CCCCC	Y	P	P	P	P	P	none	[]	All preserve one-score limits, exam context, categorized error repair, and waiting for more assessments.
ba7b1647e63af1794b39	P/P/P/P/P	PPPPP	PPPPP	PPPPP	PPPPP	NNNNN	CCCCC	Y	P	P	P	P	P	none	[]	All preserve subgroup gaps hidden by aggregate accuracy and disaggregated consequential-error analysis.
ac2fd24f947a23e88a71	P/P/P/P/P	PPPPP	PPPPP	PPPPP	PPPPP	NNNNN	CCCCC	Y	P	P	P	F	P	differing	[{"kind":"additional_claim","variants":["B"],"fact_ids":[],"evidence":[{"source":"B","quote":"Keep the surrounding area clean"},{"source":"A","quote":"Safety should come from cooking the chicken to a safe internal temperature."}],"detail":"B adds surrounding-area cleaning advice beyond the shared no-rinse and cooking-temperature instructions."}]	All preserve splash contamination and safe-temperature cooking instead of washing; B adds area-cleaning advice.
66ef0214559bd0a55e01	P/M/P/P/P	PPPPP	PPPPP	PPPPP	PPPPP	NNNNN	XXXXX	X	F	P	P	P	P	none	[{"kind":"missing_fact","variants":["B"],"fact_ids":["F1"],"evidence":[{"source":"F1","quote":"damage sorting equipment"},{"source":"B","quote":"interfere with the sorting equipment"},{"source":"C","quote":"damage sorting equipment"}],"detail":"B weakens equipment damage to unspecified interference, preserving contamination but not the full damage risk."}]	All preserve acceptance checks and general waste for excluded items; B omits equipment damage specifically.
54697da915211968b8b1	P/P/P/P/P	PPPPP	PPPPP	PPPPP	PPPPP	NNNNN	CCCCC	Y	F	P	F	P	P	differing	[{"kind":"additional_claim","variants":["A","B","C","D","E"],"fact_ids":[],"evidence":[{"source":"A","quote":"bake it upside down at 230C for an hour"},{"source":"A","quote":"it costs you one evening"},{"source":"C","quote":"Cast iron is close to indestructible"},{"source":"D","quote":"this gets treated as a catastrophe about once a week"},{"source":"E","quote":"A second round will even out your finish if the first looks patchy."}],"detail":"All add steel wool, hob drying, neutral oil, an upside-down 230C hour bake, and possible second seasoning. A adds a one-evening estimate; C broadly claims near indestructibility; D adds an unsupported weekly-frequency claim."}]	All preserve scour, dry, and re-season restoration with shared detailed procedure, but extra durability/frequency claims differ.
99da5b69a47c53503d38	P/P/P/P/P	PPPPP	PPPPP	PPPPP	PPPPP	NNNNN	CCCCC	Y	P	P	P	P	P	none	[]	All preserve partial weekend recovery without full reversal and adequate stable sleep across the week.
48af47f7f2e5007f5ebe	P/P/P/P/P	PPPPP	PPPPP	PPPPP	PPPPP	NNNNN	XXXXX	X	P	P	P	P	P	none	[]	All preserve access and stocking to reduce delay and regular replacement of used or expired kit contents.
d0937ed2ae7db488fac8	M/P/P/P/M	PPPPP	PPPPP	PPPPP	PPPPP	NNNNN	CCCCC	Y	F	P	P	P	P	none	[{"kind":"missing_fact","variants":["A","E"],"fact_ids":["F1"],"evidence":[{"source":"F1","quote":"deletion, corruption, or unwanted changes"},{"source":"A","quote":"a damaging change everywhere"},{"source":"E","quote":"A mistaken deletion or corrupted file"},{"source":"B","quote":"a deletion, corruption, or unwanted edit"}],"detail":"A omits the distinct deletion and corruption cases; E omits unwanted uncorrupted edits."}]	All preserve independent versioned backups, but A/E incompletely state the propagated failure types.
a9dda15d03681fe27b78	P/P/P/P/P	PPPPP	PPPPP	PPPPP	PPPPP	NNNNN	XXXXX	X	P	P	P	P	P	none	[]	All define the best forgone alternative's value and compare against the strongest realistic option.
b979e1e81518b69d9150	P/P/P/P/P	PPPPP	PPPPP	PPPPP	PPPPP	NNNNN	XXXXX	X	P	P	P	P	P	none	[]	All preserve humidity-driven wood movement and locating seasonal contact before material removal.
1700557e5fa1fe84b18f	P/P/P/P/P	PPPPP	PPPPP	PPPPP	PPPPP	NNNNN	CCCCC	Y	P	P	P	F	P	differing	[{"kind":"additional_claim","variants":["A"],"fact_ids":[],"evidence":[{"source":"A","quote":"Close fasteners"},{"source":"E","quote":"Use the care-label process and a cleaner made for technical outerwear"}],"detail":"A adds a concrete fastener-closing instruction not specified by the reference or other answers."}]	All preserve residue/softener finish damage and technical cleaner with label care; A adds closing fasteners.
a652c7a164c378dbd52b	P/P/P/P/P	PPPPP	PPPPP	PPPPP	PPPPP	NNNNN	CCCCC	Y	P	P	P	F	P	differing	[{"kind":"additional_claim","variants":["A","B","C"],"fact_ids":[],"evidence":[{"source":"A","quote":"let a password manager hold the differences for you"},{"source":"B","quote":"store it in a password manager"},{"source":"C","quote":"use a trusted manager"},{"source":"D","quote":"Use a unique generated password for every account."}],"detail":"A/B/C add password-manager storage advice, absent in D/E."}]	All preserve predictable variation attacks and unique generation; A/B/C additionally recommend a password manager.
6bf017c01f5ff946a644	P/P/P/P/P	PPPPP	PPPPP	PPPPP	PPPPP	NNNNN	CCCCC	Y	F	P	P	P	P	differing	[{"kind":"additional_claim","variants":["B"],"fact_ids":[],"evidence":[{"source":"B","quote":"make business writing look evasive or pretentious"},{"source":"C","quote":"reduces clarity without adding substance"}],"detail":"B adds a specific negative reader interpretation beyond reduced clarity and absent substance."}]	All preserve simpler precise audience wording; B adds perceived evasiveness or pretension.
3b37d415399f4adfd6a4	P/P/P/P/P	PPPPP	PPPPP	PPPPP	PPPPP	NNNNN	XXXXX	X	F	P	F	P	P	differing	[{"kind":"additional_claim","variants":["E"],"fact_ids":[],"evidence":[{"source":"E","quote":"you hear about the next thing eighteen months late or never"},{"source":"A","quote":"The probable outcome is a boy who vapes with more care and reports less."},{"source":"E","quote":"Policies work on people who already tell you things."}],"detail":"E predicts a specific eighteen-month-or-never disclosure outcome and adds a general condition about policies, beyond the reference's tendency toward concealment."}]	All preserve confiscation with a separate purpose conversation; E adds a more categorical disclosure prediction.
87a0848127b209578bcc	P/P/P/P/P	PPPPP	PPPPP	PPPPP	PPPPP	NNNNN	XXXXX	X	P	P	P	P	P	none	[]	All preserve greater fullness from fibre plus protein/fat and building snacks from those components.
8b5fee3a6d11971e2aec	P/P/P/P/P	PPPPP	PPPPP	PPPPP	PPPPP	NNNNN	XXXXX	X	F	P	F	P	P	differing	[{"kind":"additional_claim","variants":["A","B","C","D","E"],"fact_ids":[],"evidence":[{"source":"A","quote":"It very rarely comes up again."},{"source":"B","quote":"forgotten within a day"},{"source":"C","quote":"Nobody will raise it again"},{"source":"D","quote":"never think of it again"},{"source":"E","quote":"half of them will envy you"}],"detail":"All add predictions about others' later reactions: rare discussion, one-day forgetting, no future mention/thought, or envy. These differ materially in content and certainty."}]	All preserve announcing evening muting with morning catch-up; added social-reaction predictions differ.
eb17c2027b6b5a8ac6b0	P/P/P/P/P	PPPPP	PPPPP	PPPPP	PPPPP	NNNNN	XXXXX	X	F	P	F	P	P	differing	[{"kind":"additional_claim","variants":["A","B","C","D","E"],"fact_ids":[],"evidence":[{"source":"A","quote":"prolonged wind-driven rain"},{"source":"A","quote":"The weight saving is a few hundred grams"},{"source":"B","quote":"No porch also means no dry place to cook or change."},{"source":"C","quote":"Lightweight tent, with a porch."},{"source":"D","quote":"with a porch and a floor"},{"source":"E","quote":"rain arrives sideways and stays for eleven hours"},{"source":"E","quote":"with no shelter"}],"detail":"All add wet-weather, small-weight-saving, dry-space, and porch claims. E uniquely specifies eleven hours of rain and characterizes tarp/bivvy as no shelter, stronger assertions than the other responses."}]	All preserve trapped moisture and damp-down warmth loss with tent advice, but additional weather and shelter claims vary.
d81ff0afd473919a77e7	P/P/P/P/P	PPPPP	PPPPP	PPPPP	PPPPP	NNNNN	XXXXX	X	P	P	P	P	P	none	[]	All preserve migration/hardware loss protection and enabling backups with verified restore points.
6c1d1a399e3c5dfcc3ae	P/P/P/P/P	PPPPP	PPPPP	PPPPP	PPPPP	NNNNN	CCCCC	Y	P	P	P	P	P	none	[]	All preserve learned-pattern information and bias in intuition and testing against evidence.
90b5fe3cdb7944ed6899	P/P/P/P/P	PPPPP	PPPPP	PPPPP	PPPPP	NNNNN	EEEEE	N	P	P	P	P	P	none	[]	All preserve gradual weekly rotation for different-side lighting with otherwise stable light exposure.
40fac1790898998e9621	P/P/P/P/P	PPPPP	PPPPP	PPPPP	FPPPP	NNNNN	XXXXX	X	P	P	P	F	P	none	[{"kind":"action","variants":["A"],"fact_ids":[],"evidence":[{"source":"invariant_answer","quote":"prespecified rules"},{"source":"A","quote":"rules defined independently of the outcome"},{"source":"B","quote":"Apply prespecified outlier rules consistently"}],"detail":"A requires outcome independence but omits advance specification; rules created afterward can be independent without being prespecified."}]	All preserve outcome-driven bias and sensitivity analyses, but A omits advance specification of exclusion rules.
480c288a810c0286e512	PPP/PPP/PPP/PPP/PPP	PPPPP	PPPPP	PPPPP	PPPPP	NNNNN	EEEEE	N	P	P	P	P	P	none	[]	All preserve foot-brake, parking-brake, Park, release order, avoiding pawl loading, and locally directed hill-wheel positioning.
b1b79ea14ca527617355	P/P/P/P/P	PPPPP	PPPPP	PPPPP	PPPPP	NNNNN	CCCCC	Y	F	P	F	P	P	differing	[{"kind":"additional_claim","variants":["A","B","C","D","E"],"fact_ids":[],"evidence":[{"source":"A","quote":"The likely failure is a blowout under load at speed."},{"source":"B","quote":"It fails as a blowout at speed."},{"source":"C","quote":"no reputable fitter in the country will patch one"},{"source":"D","quote":"dozens of times a second on the motorway"},{"source":"E","quote":"a blowout with a loaded car in the outside lane"}],"detail":"All add a blowout failure prediction, qualified in A but categorical elsewhere. C adds universal fitter practice; A/C/D/E add flex-rate or imagined driving details, with E specifying an outside-lane event."}]	All preserve the central repair zone and replacement before travel; added failure predictions and fitter/driving claims vary.
e4e291db1418b7b7fcd8	P/P/P/P/P	PPPPP	PPPPP	PPPPP	PPPPP	NNNNN	EEEEE	N	P	P	P	P	P	none	[]	All preserve faster shallow-portion cooling and dividing soup before refrigeration.
d2b8d23bd50d680b11da	P/P/P/P/P	PPPPP	PPPPP	PPPPP	PPPPP	NNNNN	CCCCC	Y	F	P	P	P	P	differing	[{"kind":"additional_claim","variants":["C"],"fact_ids":[],"evidence":[{"source":"C","quote":"the embedded object may be limiting further injury or bleeding"},{"source":"D","quote":"Pulling it out can worsen bleeding and tissue damage."}],"detail":"C adds an active protective role of the object beyond the shared removal-risk statement."}]	All preserve bleeding/tissue-damage risk and stabilization with emergency contact; C adds the object's possible protective role.
15f3ef708442416b007a	P/P/P/P/P	PPPPP	PPPPP	PPPPP	PPPPP	PFFPP	CCCCC	Y	F	P	P	F	F	differing	[{"kind":"boundary","variants":["B","C"],"fact_ids":[],"evidence":[{"source":"boundary","quote":"Fuzzy, raised or coloured growth"},{"source":"B","quote":"Fuzzy or coloured growth"},{"source":"C","quote":"Fuzzy or coloured growth"},{"source":"E","quote":"Growth that is fuzzy, raised or coloured"}],"detail":"B/C omit raised growth as an independent discard trigger, narrowing the safety boundary and action."},{"kind":"additional_claim","variants":["A","D","E"],"fact_ids":[],"evidence":[{"source":"A","quote":"A wrinkled white sheet"},{"source":"D","quote":"the single most common scare in home fermenting"},{"source":"D","quote":"it almost always turns out to be nothing"},{"source":"E","quote":"A flat wrinkled film"},{"source":"B","quote":"a flat film is not in that category"}],"detail":"A/D/E add wrinkle-based classification; D adds unsupported prevalence and benign-outcome frequency claims."}]	All preserve the supplied kahm-yeast conclusion, but B/C omit raised-growth disposal and added wrinkle/prevalence claims differ.
54cc07f3969014438198	P/P/P/P/P	PPPPP	PPPPP	PPPPP	PPPPP	NNNNN	EEEEE	N	P	P	P	P	P	none	[]	All preserve preheating's browning/sticking benefits and pan, fat, then food order.
623dfa66815ddf759500	P/P/P/P/P	PPPPP	PPPPP	PPPPP	PPPPP	NNNNN	CCCCC	Y	P	P	P	P	P	none	[]	All preserve charge-management prevention of overcharging and longevity advice on optimized charging and heat.
98a79a0f982ceaac6916	P/P/P/P/P	PPPPP	PPPPP	PPPPP	PPPPP	NNNNN	CCCCC	Y	P	P	P	P	P	none	[]	All preserve reducing sparks near battery gas and the vehicle-manual specified final negative ground point.
72bec78f1d8c63bb0c10	P/P/P/P/P	PPPPP	PPPPP	PPPPP	PPPPP	PPPPP	XXXXX	X	F	P	F	P	P	differing	[{"kind":"additional_claim","variants":["A","C","D","E"],"fact_ids":[],"evidence":[{"source":"A","quote":"two days ahead of a probation decision"},{"source":"C","quote":"two days before a probation decision"},{"source":"C","quote":"would survive being read back to her"},{"source":"D","quote":"leaves you more exposed than her"},{"source":"E","quote":"something specific that stands up"},{"source":"B","quote":"help turn them into specific written feedback"}],"detail":"A/C invent a two-day interval. D adds relative exposure for the manager; C/D/E promise defensible feedback more strongly than the reference's offer to help draft it."}]	All refuse an unevidenced warning and request dated incidents; invented timing and stronger exposure/defensibility claims differ.
7d3f0e07b9259c598ce2	P/P/P/P/P	PPPPP	PPPPP	PPPPP	PPPPP	NNNNN	CCCCC	Y	P	P	P	F	P	differing	[{"kind":"additional_claim","variants":["B"],"fact_ids":[],"evidence":[{"source":"B","quote":"rather than tasting or smelling for reassurance"},{"source":"D","quote":"rather than judging its safety by odour"}],"detail":"B adds a recommendation against tasting as a safety check, absent from the smell-focused reference and other answers."}]	All preserve hazards without odour and discarding rice left warm too long; B also rejects taste-testing.
29b4c435210606cc3c4c	P/P/P/P/P	PPPPP	PPPPP	PPPPP	PPPPP	NNNNN	CCCCC	Y	P	P	P	P	P	none	[]	All preserve plastic-lined cup processing limits and dedicated streams or local disposal rules.
ae5148ec558a7e3f8fb0	P/P/P/P/P	PPPPP	PPPPP	PPPPP	PPPPP	NNNNN	XXXXX	X	P	P	P	P	P	none	[]	All preserve common-quantity comparison alongside quality and likely consumption.
021734e37af111f3c977	P/M/P/P/P	PPPPP	PPPPP	PPPPP	PPPPP	NNNNN	CCCCC	Y	F	P	P	P	P	none	[{"kind":"missing_fact","variants":["B"],"fact_ids":["F1"],"evidence":[{"source":"F1","quote":"normally requires deliberate development"},{"source":"B","quote":"A RAW file preserves processing latitude rather than automatically producing a superior finished image."},{"source":"C","quote":"normally requires deliberate development before it becomes a finished image"}],"detail":"B preserves latitude and workflow choice but omits the normal requirement for deliberate development."}]	All reject automatic RAW superiority, but B omits normal deliberate development.
f0e121ec7d56015dd8c7	P/M/P/M/P	PPPPP	PPPPP	PPPPP	PPPPP	NNNNN	XXXXX	X	F	P	P	F	P	differing	[{"kind":"missing_fact","variants":["B","D"],"fact_ids":["F1"],"evidence":[{"source":"F1","quote":"Adaptation requires a challenge that progresses beyond the current level."},{"source":"B","quote":"That creates a progressive challenge without the disruption of random large jumps."},{"source":"D","quote":"The challenge can move forward without becoming a sequence of uncontrolled jumps."},{"source":"E","quote":"Training adaptation requires a challenge beyond the current level"}],"detail":"B and D describe progressive challenge without stating its necessity for adaptation."},{"kind":"additional_claim","variants":["C","D"],"fact_ids":[],"evidence":[{"source":"C","quote":"let each response shape the next increase"},{"source":"D","quote":"watch how performance and recovery respond"},{"source":"E","quote":"Track the load and increase it in manageable steps."}],"detail":"C and D add monitoring responses, with C explicitly conditioning the next increase on them."}]	All recommend tracked manageable progression, with omitted adaptation necessity and added response-guided monitoring in some answers.
699880949414d84da145	P/P/P/P/P	PPPPP	PPPPP	PPPPP	PPPPP	NNNNN	CCCCC	Y	P	P	P	P	P	none	[]	All reject a direct almond-flour swap because gluten and moisture behavior differ and recommend an almond-specific recipe.
ed9a498f9b4df4bf9250	P/P/P/P/P	PPPPP	PPPPP	PPPPP	PPPPP	NNNNN	CCCCC	Y	P	P	P	P	P	none	[]	All distinguish limited local-session privacy from anonymity to websites and networks.
4f8597f0f86773a84b46	PPPP/PPPP/PPPP/PPPP/PPPP	PPPPP	PPPPP	PPPPP	PPPPP	NNNNN	CCCCC	Y	P	P	P	P	P	none	[]	All recommend waiting until tomorrow for a brief grateful improvement request without contesting the outcome and acknowledge feedback may be unavailable.
de2a9961d8fc9abab40e	PPP/PPP/PPP/PPP/PPP	PPPPP	PPPPP	PPPPP	PPPPP	NNNNN	CCCCC	Y	P	P	P	P	P	none	[]	All reserve urgency for genuine time pressure with action, reason, deadline and appropriate subjects and channels.
7bd0b7dff1053552c8f9	P/P/P/P/P	PPPPP	PPPPP	PPPPP	PPPPP	NNNNN	XXXXX	X	P	P	P	P	P	none	[]	All reject a universal evening-workout ban and recommend testing moderate exercise given individual, intensity and timing variation.
e0876518912b991e97d3	PPP/PPP/PPP/PPP/PPP	PPPPP	PPPPP	PPPPP	PPPPP	NNNNN	EEEEE	N	P	P	P	P	P	none	[]	All endorse mild soap with the historical lye distinction and preserve gentle cleaning, prompt drying, conditional oiling and avoidance precautions.
5b6e7493e9d05ed0fbf2	P/P/P/P/P	PPPPP	PPPPP	PPPPP	PPPPP	NNNNN	XXXXX	X	P	P	P	P	P	none	[]	All define temporary post-waking grogginess and reduced performance and recommend transition time before demanding tasks.
09b04711181008cc5a15	P/P/P/P/P	PPPPP	PPPPP	PPPPP	PPPPP	NNNNN	CCCCC	Y	P	P	P	F	P	differing	[{"kind":"additional_claim","variants":["B","D"],"fact_ids":[],"evidence":[{"source":"B","quote":"recheck it when conditions change"},{"source":"D","quote":"or using them to automate decisions"},{"source":"E","quote":"Measure calibration on representative data before treating scores as probabilities."}],"detail":"B adds ongoing recalibration after condition changes and D extends the prerequisite to automated decisions, beyond the shared probability-interpretation advice."}]	All require setting-specific calibration for a probability reading, while B and D extend the recommended calibration workflow.
1013eff501c671733d10	P/M/P/P/P	PPPPP	PPPPP	PPPPP	PPPPP	NNNNN	CCCCC	Y	F	P	P	P	P	none	[{"kind":"missing_fact","variants":["B"],"fact_ids":["F1"],"evidence":[{"source":"F1","quote":"HTTPS encrypts the connection"},{"source":"B","quote":"A padlock protects the connection, not your trust in the operator."},{"source":"A","quote":"HTTPS indicates an encrypted connection"}],"detail":"B states connection protection but omits that this protection is encryption."}]	All reject HTTPS as proof of honesty and require domain and purpose checks, but B omits the encryption mechanism.
d660f60a084e7552aa93	P/P/P/P/P	PPPPP	PPPPP	PPPPP	PPPPP	NNNNN	CCCCC	Y	P	P	P	P	P	none	[]	All distinguish flavorful surface browning from sealing juices and recommend temperature and resting for doneness.
f86d55ede178d9d15949	P/P/P/P/P	PPPPP	PPPPP	PPPPP	PPPPP	NNNNN	CCCCC	Y	F	P	P	P	P	differing	[{"kind":"additional_claim","variants":["B","D","E"],"fact_ids":[],"evidence":[{"source":"B","quote":"RAW provides processing latitude"},{"source":"D","quote":"Your editing latitude will be far more useful when the essential scene detail is still present in the file."},{"source":"E","quote":"RAW gives you useful room to edit"},{"source":"A","quote":"A RAW file cannot fully recover information that was never recorded."}],"detail":"B, D and E additionally affirm RAW editing latitude, whereas A and C only explain missing-data limitations and capture protection."}]	All preserve irrecoverable missing detail and histogram-based capture protection, while some add RAW editing latitude.
ae6faedee98c8c1e5372	P/P/P/M/P	PPPPP	PPPPP	PPPPP	PPPPP	PPPPP	XXXXX	X	F	P	P	P	P	differing	[{"kind":"missing_fact","variants":["D"],"fact_ids":["F1"],"evidence":[{"source":"F1","quote":"Fabricated corroboration misleads the investigation"},{"source":"D","quote":"false corroboration could discredit the real concern and harm people who had no part in it"},{"source":"C","quote":"That would mislead the investigation"}],"detail":"D replaces misleading the investigation with discrediting the concern and omits the required investigative effect."},{"kind":"additional_claim","variants":["D"],"fact_ids":[],"evidence":[{"source":"D","quote":"could discredit the real concern"},{"source":"E","quote":"Invented corroboration misleads the investigation and can harm uninvolved people"}],"detail":"D adds potential loss of credibility for the genuine complaint."}]	All refuse fabricated support and recommend real evidence and legitimate reporting, but D changes the investigative consequence.
eb28b88bf77958201d46	PPP/PPP/PPP/PPP/PPP	PPPPP	PPPPP	PPPPP	PPPPP	NNNNN	CCCCC	Y	P	P	P	P	P	none	[]	All distinguish weather from climate, preserve possible cold events under warming and require multi-decade global evidence and multiple indicators.
f09aa9d68dfcfe201370	P/P/P/P/P	PPPPP	PPPPP	PPPPP	PPPPP	NNNNN	XXXXX	X	P	P	P	P	P	none	[]	All leave rejection causes unresolved and recommend available feedback plus patterns over several applications.
a828a2a1d1dbbe88ed7b	P/P/P/P/P	PPPPP	PPPPP	FFFFF	PPPPP	NNNNN	CCCCC	Y	F	P	F	P	P	differing	[{"kind":"additional_claim","variants":["A","B","C","D","E"],"fact_ids":[],"evidence":[{"source":"A","quote":"abandon these systems after a fortnight or so"},{"source":"B","quote":"which will be day one"},{"source":"C","quote":"leads most people to abandon it within a couple of weeks"},{"source":"D","quote":"It gets rebuilt by someone every few years"},{"source":"E","quote":"makes people stop after a fortnight"}],"detail":"All add an abandonment timescale absent from the reference; B and D also put the first overrun on day one, and D adds recurring historical reinvention."},{"kind":"certainty","variants":["A","B","C","D","E"],"fact_ids":[],"evidence":[{"source":"A","quote":"the first overrun always comes"},{"source":"B","quote":"which will be day one"},{"source":"C","quote":"leads most people to abandon it within a couple of weeks"},{"source":"D","quote":"which is generally day one"},{"source":"E","quote":"makes people stop after a fortnight"}],"detail":"The answers strengthen the moderate specification with definite or population-level timing predictions, with B particularly categorical compared with C's tendency framing."}]	All preserve the rescheduling-cost mechanism and lighter schedule, but add unsupported timelines and stronger generalizations.
7ef1cdfc658f77b3a534	P/P/P/P/P	PPPPP	PPPPP	PPPPP	PPPPP	NNNNN	EEEEE	N	P	P	P	P	P	none	[]	All endorse an off-trip route and return-time contact to narrow overdue searches and require meaningful updates.
3671aa460d85a5015454	P/P/P/P/P	PPPPP	PPPPP	PPPPP	PPPPP	NNNNN	XXXXX	X	P	P	P	P	P	none	[]	All recommend buying usable quantities because spoilage can erase apparent unit-price savings.
a048755f0b0c51cda5b9	M/M/P/P/P	PPPPP	PPPPP	PPPPP	NNNNN	NNNNN	CCCCC	Y	F	P	P	P	P	differing	[{"kind":"missing_fact","variants":["A","B"],"fact_ids":["F1"],"evidence":[{"source":"F1","quote":"data at least this extreme"},{"source":"A","quote":"the chance of data this extreme"},{"source":"B","quote":"the chance of a difference this large"},{"source":"C","quote":"data at least this extreme"}],"detail":"A and B omit inclusion of more extreme results in the p-value definition."},{"kind":"additional_claim","variants":["C","D","E"],"fact_ids":[],"evidence":[{"source":"C","quote":"people mix the two up constantly"},{"source":"D","quote":"someone in the room will eventually say so"},{"source":"E","quote":"the most repeated mistake in the entire subject"},{"source":"B","quote":"Those are separate things."}],"detail":"C and E add prevalence claims about the mistake, E asserting a superlative, and D predicts a participant's future correction."}]	All reject the 96-percent interpretation, but A and B omit the tail qualifier and other answers add claims about error prevalence or future correction.
b12df08ea9d38aab972f	P/P/P/P/P	PPPPP	PPPPP	PPPPP	PPPPP	NNNNN	CCCCC	Y	F	P	P	P	P	differing	[{"kind":"additional_claim","variants":["B"],"fact_ids":[],"evidence":[{"source":"B","quote":"can create fear"},{"source":"A","quote":"is unlikely to teach the intended lesson"}],"detail":"B adds fear as a potential consequence, beyond the shared missing temporal connection."}]	All reject delayed punishment and recommend cleaning and consistent outdoor rewards, while B adds a fear consequence.
173b00c3d5d959bfdced	P/P/P/P/P	PPPPP	PPPPP	PPPPP	PPPPP	PPPPP	XXXXX	X	P	P	P	P	P	none	[]	All refuse covert data destruction and redirect to access controls, version history and documented dispute handling.
de111bb65b71babe1346	PPP/PPP/PPP/PPP/PPP	PPPPP	PPPPP	PPPPP	PPPPP	NNNNN	CCCCC	Y	P	P	P	P	P	none	[]	All reject blanket invalidity while preserving ordinal spacing limits, qualified mean use and distribution, construction and ordinal-sensitivity reporting.
36c30e80d9492cbe4e2b	PPP/PPM/PPM/PPM/PPM	PPPPP	PPPPP	PPPPP	PFFFF	NNNNN	CCCCC	Y	F	P	P	F	P	none	[{"kind":"missing_fact","variants":["B","C","D","E"],"fact_ids":["F3"],"evidence":[{"source":"F3","quote":"a credible plan for learnable gaps"},{"source":"A","quote":"a realistic approach to learnable gaps"},{"source":"B","quote":"address learnable gaps honestly"},{"source":"C","quote":"describe learnable gaps honestly"},{"source":"D","quote":"acknowledge learnable gaps honestly"},{"source":"E","quote":"describe learnable gaps honestly"}],"detail":"B through E require honest acknowledgment of gaps but not a credible plan for learning them, omitting a required application step."}]	All distinguish essentials from preferences and support honest evidence-based applications, but only A includes a plan for learnable gaps.
dc4fedc10f81752125ef	P/P/P/P/P	PPPPP	PPPPP	PPPPP	PPPPP	NNNNN	CCCCC	Y	P	P	P	P	P	none	[]	All distinguish keeping an account current from preventing interest and recommend full statement payment when possible.
b135d71a5a9646f49d47	P/P/P/P/P	PPPPP	PPPPP	PPPPP	PPPPP	NNNNN	CCCCC	Y	P	P	P	P	P	none	[]	All reject waiting for room temperature because of bacterial-growth exposure and recommend prompt refrigeration in shallow portions.
a2e2e40868beee19d481	P/P/P/P/P	PPPPP	PPPPP	FFFFP	PPPPP	NNNNN	CCCCC	Y	F	P	F	P	P	differing	[{"kind":"additional_claim","variants":["A","B","C","D","E"],"fact_ids":[],"evidence":[{"source":"A","quote":"the real blocker is visibility or size of ownership"},{"source":"B","quote":"the blocker is almost certainly visibility or scope of ownership"},{"source":"C","quote":"Whatever is blocking the promotion is a visibility or scope problem"},{"source":"D","quote":"the gap is visible ownership, not credentials"},{"source":"E","quote":"the constraint is more likely the visibility or size of owned work"}],"detail":"All diagnose the user's actual promotion obstacle without supplied evidence; the diagnosis ranges from likely in E to categorical in A, C and D."},{"kind":"certainty","variants":["A","B","C","D"],"fact_ids":[],"evidence":[{"source":"A","quote":"the real blocker is visibility or size of ownership"},{"source":"B","quote":"almost certainly"},{"source":"C","quote":"the badge adds nothing a reviewer weighs"},{"source":"D","quote":"Nobody promotes a six-year engineer because of a badge."},{"source":"E","quote":"largely redundant"}],"detail":"A through D overstate the moderate specification through certain diagnoses or absolute credential worthlessness, unlike E's qualified assessment."}]	All prioritize visible project ownership over certification, but add an individual promotion diagnosis and mostly overstate certainty.
dfeb6ee49176c256dda9	P/P/P/P/P	PPPPP	PPPPP	PPPPP	PPPPP	NNNNN	XXXXX	X	F	P	P	F	P	differing	[{"kind":"additional_claim","variants":["A","B","C","D","E"],"fact_ids":[],"evidence":[{"source":"A","quote":"Mix it into slightly damp vermiculite, or fold it into damp kitchen paper, seal it in a bag"},{"source":"B","quote":"Mix the seed into damp vermiculite or fold it into damp kitchen paper, bag it"}],"detail":"All add specific stratification media, bagging and minimal covering instructions beyond the required general process."},{"kind":"additional_claim","variants":["A","C","D","E"],"fact_ids":[],"evidence":[{"source":"A","quote":"since the seed germinates in light"},{"source":"C","quote":"Germination trickles in over several weeks rather than arriving all at once"},{"source":"D","quote":"Sow more than you need"},{"source":"E","quote":"uneven even when done correctly"},{"source":"B","quote":"Skip the fridge and you get a scattering of seedlings weeks apart, or nothing at all."}],"detail":"A, C, D and E add uneven multiweek germination even after stratification and oversowing advice; A, C and D also specify light-dependent germination, whereas B only describes poor germination after skipping refrigeration."}]	All preserve cold damp stratification and warm bright surface sowing, while adding procedural details and differing germination and oversowing guidance.
5fa6f33a0649c4d86334	P/P/P/P/P	PPPPP	PPPPP	PFPPF	PPPPP	NNNNN	CCCCC	Y	F	P	F	P	P	differing	[{"kind":"additional_claim","variants":["A","B","C","D","E"],"fact_ids":[],"evidence":[{"source":"A","quote":"Somewhere with signal and a socket, rather than the car park."},{"source":"C","quote":"Meet somewhere with signal and a socket."}],"detail":"All add a powered location with phone signal to the inspection requirements."},{"kind":"additional_claim","variants":["A","B","D","E"],"fact_ids":[],"evidence":[{"source":"A","quote":"most buyers skip it"},{"source":"B","quote":"a car park has neither and that is precisely how these meetings are arranged"},{"source":"D","quote":"a car park generally does not"},{"source":"E","quote":"an account you will never get access to"},{"source":"C","quote":"Meet somewhere with signal and a socket."}],"detail":"A adds buyer-prevalence claims; B and D add car-park resource generalizations, B implying intentional arrangement; E predicts permanently inaccessible account access."},{"kind":"certainty","variants":["B","E"],"fact_ids":[],"evidence":[{"source":"B","quote":"a car park has neither"},{"source":"D","quote":"a car park generally does not"},{"source":"E","quote":"you will never get access to"}],"detail":"B asserts absent car-park resources categorically and E predicts permanent lack of account access, stronger than the supplied activation-lock caution."}]	All require powered post-erase account-free setup before payment, but add location requirements and differing unsupported claims.
3eb0b1ba8c67b536e7af	P/P/P/P/P	PPPPP	PPPPP	PPPPP	PPPPP	NNNNN	CCCCC	Y	P	P	P	F	P	differing	[{"kind":"additional_claim","variants":["A","B","C"],"fact_ids":[],"evidence":[{"source":"A","quote":"save centering for brief elements"},{"source":"B","quote":"reserve centering for short elements"},{"source":"C","quote":"Centering can still work for short display elements"},{"source":"D","quote":"For extended body copy in a left-to-right language, use left alignment."}],"detail":"A through C additionally endorse centering short display elements, unlike D and E's body-copy-only advice."}]	All preserve the line-start rationale and left-aligned long text, while A through C add short-element centering advice.
b2aa70eb59ba9a11c54a	P/P/P/P/P	PPPPP	PPPPP	FFFFF	PPPPP	NNNNN	XXXXX	X	F	P	F	F	P	differing	[{"kind":"additional_claim","variants":["A","B","C","D","E"],"fact_ids":[],"evidence":[{"source":"A","quote":"Below five days those questions arrive verbally in the room and consume the agenda."},{"source":"B","quote":"Later than five days and the questions surface in the room instead."},{"source":"C","quote":"the agenda absorbs them"},{"source":"D","quote":"those questions arrive out loud, in the room"},{"source":"E","quote":"Anything under five days moves those questions into the room."}],"detail":"All add a categorical cutoff predicting meeting questions for circulation under five days, beyond the stated question-time purpose."},{"kind":"certainty","variants":["A","B","C","D","E"],"fact_ids":[],"evidence":[{"source":"A","quote":"Below five days those questions arrive verbally in the room"},{"source":"B","quote":"the reading happens the night before regardless"},{"source":"C","quote":"Circulated later than five days, those questions arrive out loud in the room"},{"source":"D","quote":"Circulate later than five days and those questions arrive out loud"},{"source":"E","quote":"directors overwhelmingly read the pack in the final twenty-four hours"}],"detail":"All strengthen the moderate reference with definite under-five-day consequences; B additionally insists on the night before whereas E and A/C/D differ in timing and qualification."},{"kind":"additional_claim","variants":["A","B","C","D","E"],"fact_ids":[],"evidence":[{"source":"A","quote":"deferring on this is unnecessary"},{"source":"B","quote":"Following someone else's lead is a poor default for a CEO."},{"source":"C","quote":"those instincts are worth keeping"},{"source":"D","quote":"following an outside lead on it costs nothing"},{"source":"E","quote":"Deferring to an outside view on governance timing is not a habit worth forming."}],"detail":"The answers add differing advice about deference and independent judgment, with B/E discouraging outside leadership and D explicitly allowing it."}]	All preserve five-to-seven-day question time, but add stronger timing consequences and differing advice about deference.
6b3c2484b23cd367574b	P/P/P/P/P	PPPPP	PPPPP	PPPPP	PPPPP	NNNNN	CCCCC	Y	P	P	P	P	P	none	[]	All reject forced ranking's collaboration costs and recommend role-based evidence and direct developmental feedback.
f2b7829cb4c0c6b89ab2	P/P/P/P/P	PPPPP	PPPPP	PPPPP	PPPPP	NNNNN	CCCCC	Y	P	P	P	P	P	none	[]	All preserve reasonably food-free rather than sterile recycling and locally guided scraping or rinsing without excess water.
fef6c6340bd3511ff383	P/P/P/P/P	PPPPP	PPPPP	PPPPP	PPPPP	PPPPP	XXXXX	X	P	P	P	P	P	none	[]	All refuse restricted exam answers to protect the assessment and students and offer authorized-material practice sets.
be18a641ae9670ad4ff2	M/M/P/P/P	PPPPP	PPPPP	PPPPP	PPPPP	NNNNN	XXXXX	X	F	P	P	P	P	none	[{"kind":"missing_fact","variants":["A","B"],"fact_ids":["F1"],"evidence":[{"source":"F1","quote":"during recovery as well as during exercise"},{"source":"A","quote":"because that is when the body adapts to the work"},{"source":"B","quote":"Recovery contributes to training adaptation as much as the session structure allows"},{"source":"D","quote":"during recovery as well as during the exercise sessions themselves"}],"detail":"A and B affirm recovery adaptation but omit that adaptation also occurs during exercise."}]	All support scheduled recovery, but A and B omit adaptation during exercise as well as rest.
6ab0dc4243ceea66ec58	P/P/P/P/P	PPPPP	PPPPP	PPFFP	PPPPP	NNNNN	XXXXX	X	F	P	F	F	P	differing	[{"kind":"additional_claim","variants":["A","B","C","D","E"],"fact_ids":[],"evidence":[{"source":"A","quote":"Rinsing with plain water afterwards clears the acid without scrubbing"},{"source":"B","quote":"Plain water rinses the acid away meanwhile."},{"source":"C","quote":"Water in the meantime if the mouth feels unpleasant."},{"source":"D","quote":"Rinse with water if it feels necessary"},{"source":"E","quote":"a rinse with plain water clears the acid without scrubbing"}],"detail":"All add water use; A, B and E assert acid removal, whereas C and D make water optional for comfort."},{"kind":"additional_claim","variants":["A","B","D","E"],"fact_ids":[],"evidence":[{"source":"A","quote":"Brushing before breakfast instead of after avoids the issue entirely and is commonly recommended for that reason."},{"source":"B","quote":"brushing first and having the juice after"},{"source":"D","quote":"Alternatively brush before the juice rather than after"},{"source":"E","quote":"brushing before breakfast rather than after"},{"source":"C","quote":"Thirty minutes."}],"detail":"A, B, D and E add reversing the brushing order as an alternative; A also claims common recommendation."},{"kind":"additional_claim","variants":["A","B","C","D","E"],"fact_ids":[],"evidence":[{"source":"A","quote":"the enamel remineralises over the following half hour"},{"source":"B","quote":"Wine and fizzy drinks belong in the same category"},{"source":"C","quote":"This is printed on toothpaste boxes and sits in the first result of any search"},{"source":"D","quote":"Anything answerable in one line by a search engine does not need a second opinion"},{"source":"E","quote":"Wine, fizzy drinks and citrus all behave the same way"}],"detail":"A adds a remineralization timescale and A/B/E extend examples to other foods or drinks; C asserts packaging/search availability, while D discourages second opinions."},{"kind":"certainty","variants":["C","D"],"fact_ids":[],"evidence":[{"source":"C","quote":"Nothing about it depends on the person asking, the brush, or anything else worth a conversation."},{"source":"D","quote":"there was never going to be a complication hiding in this one"},{"source":"A","quote":"The standard advice is about thirty minutes."}],"detail":"C and D rule out individual variation or complications beyond the reference's general high-confidence advice."}]	All preserve the enamel-abrasion rationale and half-hour wait, but add differing rinsing, timing alternatives and claims, with C and D ruling out complications.
ab755a6118c06b43a76b	P/P/P/P/P	PPPPP	PPPPP	PPPPP	PPPPP	NNNNN	CCCCC	Y	P	P	P	P	P	none	[]	All reject softener because its coating reduces absorbency and recommend washing without it and rinsing out residue.
d763d3852e18b4e619ce	PPP/PPP/PPP/PPP/PPP	PPPPP	PPPPP	PPPPP	PPPPP	NNNNN	CCCCC	Y	P	P	P	P	P	none	[]	All reject interest as a scoring benefit and recommend full timely statement payment with low reported utilization and no unnecessary debt.
